nloc19,nloc18,nloc17,nloc16,nloc15,sloc19,sloc18,sloc17,sloc16,sloc15,ndoa19,ndoa18,ndoa17,ndoa16,ndoa15,sdoa19,sdoa18,sdoa17,sdoa16,sdoa15
"Roper Gulf, Australia (Limmen Bight National Park)","Northeast Top End, Australia (Anniversary Creek near Litchfield National Park)","West Arnham, Australia ","Barkley, Australia (near Lakewoods Conservation Covenant)","West Arnham, Australia (Kakadu National Park)","Greater Bendigo, Australia (Costerfield State Forest","Strathbogie, Australia (Heathcote-Graytown National Park","Lodden, Australia (Mount Korong Nature Conservation Reserve)","Hepburn, Australia (Rise and Shine Bushland Reserve)","Murray, Australia (Murray Valley Regional Park)",Oct. 18,30-Jun,20-Aug,28-Mar,24-Jun,Dec. 14,Sept. 21,Aug. 12,Feb. 28,13-May
"Southeast Fairbanks, Alaska (near Tanana Valley State Forest)","Coot Lake, Yukon, Canada","Healy Lake, Southeast Fairbanks, Alaska","Valdez-Cordova, Alaska (Kenny Lake, near Wrangell-St. Elias National Park and Reserve)","Southeast Fairbanks, Alaska","Puerto Chomes, Costa Rica","Llanos de Pozo de Agua, Costa Rica (near Palo Verde National Park)","Refugio Nacional de Vida Silvestre Cipanci, Costa Rica","Matina, Costa Rica (near Parque Nacional Barbilla)","Puerto Chomes, Costa Rica",22-May,3-Jun,23-Jul,17-Jun,30-May,Nov. 15,11-May,Nov. 28,Feb. 3,9-May
"Risha, Jordan (near border of Jordan and Syria)","Bou-Hedma National Park, Tunisia","Kef El Doukhan ou Oued M'Zab, Algeria (near Ghardaia)","Lagune de Ghlissia, Tunisia (near Chott el Djerid)","Tisserdmine, Morrocco","Lake Abhe, Southeastern Shore, Djibouti","Boa Vista, Cape Verde","Boa Vista, Cape Verde","Boa Vista, Cape Verde","Boa Vista, Cape Verde",8-Feb,20-Mar,12-May,14-Feb,11-May,Sept. 29,18-Mar,14-Apr,Oct. 19,Sept. 28
"Gang Ranch, Cariboo, Canada","Squamish-Lillooet, Canada (north of Stein Valley Nlaka'pamux Heritage park)","Squamish-Lillooet, Canada (north of Stein Valley Nlaka'pamux Heritage park)","Thompson-Nicola, Canada (east of Stein Valley Nlaka'pamux Heritage park)","Edge Hill Provincial Park, Thompson-Nicola, Canada","Maui, Hawaii","Al Ain, United Arab Emirates","Jebel Hafit, United Arab Emirates (near Al Ain)","Jebel Hafit, United Arab Emirates (near Al Ain)","Kula-Haleakala Natl Park, Maui, Hawaii",Sept. 15,28-Aug,12-Aug,27-Mar,5-Jul,Apr. 14,Jan. 1,11-Jan,15-Jan,12-Dec
"Martin, North Carolina (on Roanoke River, east of Raleigh,NC)","Carson Wetland, Prince George, Virginia (south of Richmond and west of Norfolk)","Carson Wetland, Prince George, Virginia (south of Richmond and west of Norfolk)","Carson Wetland, Prince George, Virginia (south of Richmond and west of Norfolk)","Holy Shelter Game Land, Pender, North Carolina","Esteros de Farrapose e Islas del Río Uruguay, Uruguay (Uruguay River, south of Concepción del Uruguay)","Santo Tomé, Argentina (east of Parque Nacional Iberá; near border of Argentina and Brazil)","San Miguel, Parque Nacional Iberá, Argentina","Islas del Ibicuy, Argentina (north of Buenos Aires)","Carlos Pellegrini y Laguna Iberá, Argentina (in Parque Nacional Iberá)",4-May,18-Apr,8-Apr,12-Jun,26-Apr,27-Dec,2-Feb,23-Feb,7-May,15-May
"Glasgow, Montana","Cascade, Montana (Southwest of Great Falls, MT)","Cascade, Montana (Southwest of Great Falls, MT)","Medicine Lake, Sheridan, Montana ( Northeastern Montana, near Fort Peck Indian Reservation)","Valley, Montana (just north of Glasgow, MT)","Biedma, Argentina (Península Valdés)","Biedma, Argentina (Península Valdés)","Florentino Ameghino, Argentina (North of Comodoro Rivadavia and south of Península Valdés, Argentina)","Rada Tilly, Escalante, Argentina (just south of Comodoro Rivadavia)","Playa El Doradillo, Biedma, Argentina (on Golfo Nuevo)",9-Jun,6-Aug,30-May,28-May,30-Aug,5-Jan,24-Nov,2-Oct,21-Apr,15-Feb
"San Pedro de la Sierra, Magdalena, Columbia","Carrisillar, Venezuela (southwest of Parque Nacional Yurubí; in the mountains)","Parque Nacional Macarao, Venezuela (West of Caracas)","Parque Nacional Macarao, Venezuela (West of Caracas)","El Junquito, Venezuela (west of Caracas)","Parque Nacional Sierra Nevada, Venezuela (just north of Pico Bolívar)","Parque Nacional Sierra Nevada, Venezuela (","Parque Nacional Sierra de la Culata, Venezuela (northeast of Venezuela)","Parque Nacional El Tamá, Venezuela (South of San Cristobal)","Carrizal, Quita Soles, Venezuela (Northeast of Pico Humboldt)",14-Jun,30-Dec,6-Jan,22-May,15-Feb,12-Dec,18-Sep,25-Feb,15-Jun,7-May
"Kanuti Lake, Yukon-Koyukuk, Alaska","Tolsona Wilderness, Valdez-Cordova, Alaska","Yukon, Canada (North of Kluane National Park and Reserve)","Healy Lake, Southeast Fairbanks, Alaska","Shageluk, Yukon, Alaska","Primavera, Chile (near Puerto Percy)","Monumento Natural Laguna de los Cisnes, Porvenir, Chile (east of Punta Arenas)","Languiñeo, Argentina (Piedra Parada, Northeast of Parque Nacional Corcovado)","Chos Malal, Argentina (South of Volcan Domuyo)","Lago Argentino, Argentina (East of Isla Wellington)",21-May,8-Jun,7-Jul,3-Sep,9-May,11-Nov,11-Jun,3-Jan,2-Jan,7-Apr
"Salmon Arm, Coumbia-Shuswap, British Columbia, Canada","Salmon Arm, Coumbia-Shuswap, British Columbia, Canada","Salmon Arm, Coumbia-Shuswap, British Columbia, Canada","Little Shuswap Lake Home, Columbia-Shuswap, British Columbia, Canada (northeast of Kamloops)","Salmon Arm, Coumbia-Shuswap, British Columbia, Canada","Walter Peak, Queenstown-Lakes District, New Zealand (on Lake Wakatipu)","Bannockburn, New Zealand","Glendhu Bay, Otago, New Zealand (Queenstown-Lakes District)","Futaleufú, Argentina (Reserva Nacional Futaleufú)","Flea Bay, Christchurch City, New Zealand",3-May,10-Aug,27-Aug,29-Mar,17-Jan,8-Oct,28-Feb,15-Dec,16-Apr,21-Oct
"Cariboo, British Columbia, Canada","Cariboo, British Columbia, Canada","Thompson-Nicola, British Columbia, Canada","Cariboo, British Columbia, Canada","Dog Creek, Cariboo, British Columbia, Canada","Parque Nacional Sierra de San Pedro Mártir, Mexico","Bent, New Mexico","Parque Nacional Sierra de San Pedro Mártir, Baja California, Mexico","Gilman, Sandoval, New Mexico","Hermosa, New Mexico",15-Mar,8-Aug,24-May,29-May,23-May,11-Jun,21-Feb,3-Jun,10-Jan,7-Mar
"St. Paul, Alberta, Canada","Valemount, British Columbia, Canada (George Hicks Regional Park)","Rumsey Natural Area, Drumheller, Alberta, Canada","Prince Albert, Saskatchewan, Canada","Kenora, Ontario, Canada","Parque Etnobotánico Omora, Cabo de Hornos, Chile","Ushuaia, Argentina","Cerro Bandera, Cabo de Hornos, Chile","Isla Hornos, Cabo de Hornos, Chile","Isla Hornos, Cabo de Hornos, Chile",29-May,28-Apr,15-Jul,9-Sep,16-Jun,28-Aug,26-Feb,2-Feb,2-Dec,20-Oct
"Karakelong Island, Indonesia","Gunung Sahengbalira, Sulawesi Utara, Sangihe Island, Indonesia","Gunung Sahengbalira, Sulawesi Utara, Sangihe Island, Indonesia","Tangkoko Batuangus National Park, Sulawesi Utara, Soloman Islands, Indonesia","Sulawesi Utara, Sangihe Island, Indonesia (near Mount Awu)","Tetepare Nature Preserve, Tetepare, Solomon Islands","Rennell Island, Solomon Islands","Varirata National Park, Papua New Guinea","San Cristobal, Soloman Islands","near Baghare, Solomon Islands (San Cristobal)",4-Sep,16-Sep,24-Jul,16-Jan,11-May,28-Mar,19-Jul,25-Jul,27-Dec,17-Nov
"Karakelong Island, Indonesia","Maluku Utara, Indonesia (Southwest of Halmahera)","Tangkoko Batuangus, Sulawesi Utara, Indonesia (north of Bitung)","Weda Forest, Maluku Utara, Indonesia","Tangkoko Batuangus, Sulawesi Utara, Indonesia","Port Vila, Vanuatu ","Pango Point, Port Vila, Vanuatu","Kuto, Isle of the Pines, New Caledonia","Alotau, Papua New Guinea","Pango Point, Port Vila, Vanuatu",21-Nov,11-Sep,11-Mar,28-Feb,25-Mar,26-May,21-Dec,18-Oct,6-Jul,4-Oct
"Mount Peter Hawk Watch, Orange, New York","Mifflin, Pennsylvania","Lancaster, Pennsylvania","Putnam, New York","Putnam, New York","Region de Aysén del General Carlos Ibáñez del Campo, Chile","Aysén, Chile","Tortel, Chile","Cisnes, Chile",Puerto Chacabuco,3-Sep,16-May,12-May,26-May,22-Aug,1-Jan,8-Jul,30-Sep,22-Oct,26-Oct
"Zhangjiaying, China","Kabanskiy Zakaznik, Russia","Muravyevka, Russia","Muravyevka, Russia","Muravyevka, Russia","Selenga hills, Russia (northwest of Ulan Ude)","Ogushigo, Japan","Junzi Peak, China (near Sanming)","Komatsu, Japan (near Ishikawa)","Laotieshan, China (near Dalian)",21-Jun,12-Jun,1-May,22-Apr,12-Apr,10-Mar,18-Nov,9-Jul,18-Feb,27-Sep
"Poor Knights Islands, Whangarei District, New Zealand","Poor Knights Islands, Whangarei District, New Zealand","Lady Alice Island, New Zealand","Lady Alice Island, New Zealand","Little Barrier Island, Auckland City, New Zealand","Enderby Island, New Zealand","Maclaren Bay, Adams Island, New Zealand","Enderby Island, New Zealand","Rakiura National Park, Ulva Island, New Zealand","Rakiura National Park, Ulva Island, New Zealand",28-Feb,24-Feb,4-Feb,2-Dec,21-Jan,9-Jan,15-Jan,6-Jan,11-Nov,17-Nov
"Peter Haven, Garove Island, Papua New Guinea","Kimbe Bay, Malumalu Island, Papua New Guinea","Kimbe Bay, Malumalu Island, Papua New Guinea","Howae Island, Manus Islands, Papua New Guinea","Mount Rairaka, Bougainville Island, Papua New Guinea","Tetepare Nature Preserve, Tetepare, Solomon Islands","Naepaepa Mountain, San Cristobal, Solomon Islands","Nggela Pile Island, Solomon Islands","Russul Islands, Solomon Islands","Wemaregha, San Cristobal, Solomon Islands",27-Sep,20-Jul,25-Jul,18-Oct,21-Dec,16-Jun,28-Jun,8-Oct,6-May,2-Dec
"Malagufuk, Papua Barat, Indonesia (northeast of Sorong)","Sorong, Papua Barat, Indonesia","Nimbokrang, Indonesia (west of Jayapura)","Nimbokrang, Indonesia (west of Jayapura)","Nimbokrang, Indonesia (west of Jayapura)","Varirata National Park, Papua New Guinea","Varirata National Park, Papua New Guinea","Varirata National Park, Papua New Guinea","Nigila, Papua New Guinea (east of Alotau)","Varirata National Park, Papua New Guinea",13-Jun,16-Mar,29-Sep,6-Oct,29-Jul,10-Oct,30-May,31-Jul,25-Apr,26-Jun
"Barrow Island, Australia","Barkly, Australia (north of Tennant Creek, south of Warumungu)","Barrow Island, Australia","Barrow Island, Australia","Barkly, Australia (north of Tennant Creek, south of Warumungu)",southeast of Tjoritja/West MacDonnell National Park Australia,"MacDonnell, Australia (west of Santa Teresa)","MacDonnell, Australia (west of Santa Teresa)","MacDonnell, Australia (west of Santa Teresa)","MacDonnell, Australia (west of Santa Teresa)",2-Sep,24-Jul,16-Jan,14-Oct,23-Apr,2-Feb,11-Apr,6-Jan,24-Mar,11-Jul
"Bylot, Baffin, Nunavut, Canada (north of Sirmilik National Park)","Pond Inlet (town), Baffin, Nunavut, Canada","Bylot Island, Baffin, Nunavut, Canada (south of Sirmilik National Park)","Bylot Island, Black Mountains, Baffin, Nunavut, Canada","Bylot Island, Baffin, Nunavut, Canada","Esperanza, Mexico","Cuesta Chica, Cañada Morelos, Puebla, Mexico","Parque Nacional El Tepozteco, Mexico","north of El Frijol Colorado, Mexico","Laguna Almoloya, Mexico (southeast of Toluca, west of Parque Nacional Cumbres del Ajusco)",11-Jun,15-Jun,25-Jun,30-Jul,29-Jul,19-Jan,2-Oct,28-Jul,22-May,2-Jan
"Tumbling Waters, Litchfield, Australia","Marrakai, Australia (south of Djukbinj National Park)","Nitmiluk, Australia","Marrakai, Australia (south of Djukbinj National Park)","Marrakai, Australia (south of Djukbinj National Park)","Mornington Wildlife Sanctuary, Derby-West Kimberley, Australia (King Leopold Ranges Conservation Park)","Burke, Australia (east of Lawn Hill (Arthur Creek) Resources Reserve)","Mornington Wildlife Sanctuary, Derby-West Kimberley, Australia (King Leopold Ranges Conservation Park)","Illawarra Creek, Top Springs, Australia","El Questro, Wyndham-East Kimberly, Australia",19-Aug,24-Jun,20-Aug,6-Aug,24-Jul,25-Apr,8-Jul,27-Jun,3-Aug,11-Jul
"Penguin Island, Rockingham, Australia","Point Peron, Rockingham, Australia","Penguin Island, Rockingham, Australia","Montague Island Nature Conservation Reserve, Eurobodalla, Australia","Penguin Island, Rockingham, Australia","Kundy Island, Southland District, New Zealand","Stewart Island, Southland District, New Zealand","Wreck Reef, Southland District, New Zealand (off of Stewart Island)","Wreck Reef, Southland District, New Zealand (off of Stewart Island)","Steward Island, New Zealand",2-Jan,9-Jun,10-Jan,21-Mar,8-Jan,4-Sep,19-Jan,8-Dec,14-Feb,29-Dec
"Shasta, California (southwest of Redding)","Picket Wire Canyon, Otero, Colorado (Comanche National Grassland)","Shasta, California (southwest of Redding)","Otero, Colorado (north of Comanche National Grassland)","Bent, Colorado (south of La Junta)","Cascada Los Huenchos, Mexico (east of Tobasco, west of Ojocaliente)","Rosa Amarilla Loop-Circuito, Mexico (south of Lago de Chapala, north of Concepción de Buenos Aires)","Ejido San José Teña, Mexico (north of Mexico City, southwest of Actopan)","Concepción de Buenos Aires, Mexico","Los Tulipanes, Mexico (east Sierra de Lobos)",11-Nov,18-Aug,5-Jan,25-Nov,5-Apr,21-Sep,17-Aug,7-Apr,1-Apr,2-Apr
"Pine Creek, Australia (east of Nitmiluk National Park)","Roper Gulf, Australia (south of nitmiluk National Park)","Mt. Tod Mine, Roper Gulf, Australia (west of Nitmiluk National Park)","Nitmiluk, Australia","Marrakai, Australia (south of Djukbinj National Park)","Lake Bindegolly, Bulloo, Australia","Binya State Forest, Carrathool, Australia","Murray-Sunset National Park, Lake Walla Walla, Mildura, Australia","Montecolina Bore, Australia (just east of Lake Blanche)","Wilcannia, Australia",9-Mar,31-Jul,12-Sep,15-Sep,11-Jul,21-Aug,21-Jan,17-May,14-Jun,28-May
"Durack River, Wyndham East Kimberley, Australia (southeast of Drysdale River National Park and west of Parry Lagoons Nature Reserve","Wyndham Wharf, Wyndham-East Kimberley, Australia","Miniyeri, Australia","North of Lake Argyle, South of Kununurra and southeast of Parry Lagoons Nature Reserve, Wyndham-East Kimberley, Australia","Parry Lagoons Nature Reserve, Wyndham-East Kimberley, Australia","Welford National Park, Barcoo, Australia","Welford National Park, Barcoo, Australia","Welford National Park, Barcoo, Australia","Mount Augustus National Park, Upper Gascoyne, Australia","Watarrka National Park, MacDonnell, Australia",27-Jun,6-Jan,1-Feb,4-Sep,18-Sep,14-Aug,6-Aug,22-Mar,1-Aug,8-Apr
"Kaeo, New Zealand","Waipoua Forest, New Zealand (southeast of Waimamaku)","Matapouri Bay, New Zealand (east of Matapo)","Kensington, New Zealand","Mataraua Forest, Northland, New Zealand (north of Donnelly's Crossing)","Rakiura National Park, Ulva Island, New Zealand","Doughboy Bay, Stuart Island, New Zealand","Port Adventure Hut and Peninsula, Stewart Island, New Zealand","Raikiura National Park, New Zealand","Rakiura National Park, Ulva Island, New Zealand",22-Sep,11-Jan,18-Jan,1-Dec,19-Sep,3-Jan,3-Feb,18-Feb,24-Feb,30-Jan
"Lautamaa, Finland","north of Törmänen, south of Koppelo, Finland","Riekintie, Finland (north of Maikku, southwest of Natsional'nyy Park Paanayarvi)","Rödkallen, Sweden (southeast of Germandön)","Kourilehto, Finland","Southeast of Lake Ghoubet, southwest of We'a, Djibouti","Aledeghi Wildlife Reserve, Ethiopia","Decan Wildlife Refuge, Djibouti","Decan Wildlife Refuge, Djibouti","Aledeghi Wildlife Reserve, Ethiopia",12-Apr,2-Sep,2-Jun,24-Sep,14-Feb,23-Feb,17-Jan,6-Sep,23-Apr,24-Jan
"north of Kudat, Malaysia","Poring Hot Springs, Malaysia (east of Mount Kinabalu)","Sandakan, Malaysia","Merrimas Villa Resort, Simpang Mengayau, Malaysia","Tempasuk Plain, Malaysia (north of Kota Belud)","Kampung Sapit, Malaysia","Telaga, Indonesia, (southwest of Kruing, west of Sebangau National Park","Borneo Highland Resort, Malasia (south of Kampung Sapit)","Borneo Highland Resort, Malasia (south of Kampung Sapit)","Santubong National Park, Malaysia",26-Oct,17-May,13-Dec,4-Jul,11-Jan,29-Mar,19-Jul,27-Mar,13-May,6-Sep
"Boat Mountain Nature Reserve, australia","Lake Barambah, South Burnett, Australia (right by Wondai State Forest)","East of Bandana State Forest, west of Presho Forest Reserve, Australia","Wooroolin Wetlands, South Burnett, Australia","Wooroolin Wetlands, South Burnett, Australia","Southwest National Park, Tasmania, Australia","Southwest National Park, South Cape Bay, Tasmania, Australia","south of Southport Lagoon, Tasmania, Australia","Southwest National Park, South Cape Bay, Tasmania, Australia","Southwest National Park, South Cape Bay, Tasmania, Australia",25-Jul,14-Mar,11-Nov,3-Jan,8-Mar,20-Mar,8-Oct,2-Apr,9-Oct,22-Feb
"North of Ngukurr, australia","Southeast of Timber Creek, Australia","Southeast of Timber Creek, Australia","Limestone Gorge Gregory National Park, Australia","Georgetown, Australia (West of Mount Surprise, south of Abingdon Downs)","Pengilly Scrub, Light, Australia (north of Adelaide)","Neale Junction Nature Reserve, australia","Lyndhurst, Australia","Hawker, Australia (south of Ikara Flinders Ranges National Park)","Pengilly Scrub, Light, Australia (north of Adelaide)",21-Mar,29-Oct,21-Aug,2-May,26-Apr,3-Nov,27-May,11-Sep,10-Nov,14-Oct
"Barcelona, Spain","Civitavechia, Italy","Barcelona, Spain","Barcelona, Spain","Zaragoza, Spain","General Conesa, Argentina","General Conesa, Argentina","Villalonga, Argentina","General Conesa, Argentina","General Conesa, Argentina",11-Feb,16-Feb,19-Feb,16-Jan,4-Jul,5-Oct,6-Oct,1-Jan,8-Oct,28-Dec
"Barcelona, Spain","Civitavechia, Italy","Barcelona, Spain","Barcelona, Spain","Zaragoza, Spain","General Conesa, Argentina","General Conesa, Argentina","Villalonga, Argentina","General Conesa, Argentina","General Conesa, Argentina",11-Feb,16-Feb,19-Feb,16-Jan,4-Jul,5-Oct,6-Oct,1-Jan,8-Oct,28-Dec
"Kahurangi National Park, New Zealand","southwest of Otinra, New Zealand","Arthur's Pass National Park, New Zealand","Otira Valley, New Zealand","Arthur's Pass National Park, New Zealand","Mount Burns, Fiordland National Park, New Zealand","Pomplona Lodge, near Pariroa/Castle Mount, New Zealand","Long Sound (east of Only Island), New Zealand","Fiordland National Park, New Zealand","Spey River (just above the Mica Burn Junction), New Zealand",5-Oct,27-Oct,14-Jan,11-Dec,5-Apr,11-Jan,25-Dec,21-Nov,4-Jan,22-Sep
"Lake Louise, Alaska","Lake Louise, Alaska","Cordova, Alaska","Kenai Fjords National Park, Alaska","Kenai Fjords National Park, Alaska","Monkey River Town, Belize","Monkey River Town, Belize","Siene Bight, Belize","Bread and Butter Caye, Belize","Monkey River Town, Belize",19-May,20-May,21-Feb,4-Jun,20-Jun,28-Feb,29-May,21-Feb,11-Mar,21-Feb
"Etosha National Park, Namibia","Etosha National Park, Namibia","Etosha National Park, Namibia","Etosha National Park, Namibia","Etosha National Park, Namibia","Koa Dunes, South Africa (southeast Aggeneys)","Copperton, South Africa","south of Toekoms, South Africa","south of Toekoms, South Africa","Mokala National Park, South Africa",29-Aug,24-Sep,24-Aug,4-Mar,17-Jun,16-Mar,23-May,21-Jan,11-Jul,12-Jan
"Shasta, California (southwest of Redding)","Colusa, California","Shasta, California (southwest of Redding)","Shasta, California (southwest of Redding)","east of Williams, California","Ballard, California","Buellton, California","Ballard, Canada","Beckmen Vineyards,  Canada","Olivas, California",22-May,3-Nov,6-Jan,7-Dec,31-Dec,20-Jan,15-Jan,4-Sep,30-May,1-Oct
"Nenana, Yukon-Koyukuk, Alaska","Pleasant Valley, Alaska","Denali National Park, Alaska","Denali National Park, Alaska","Denali National Park, Alaska","Apache Springs, New Mexico","Villanueva, Mexico","Villanueva, Mexico","Villanueva, Mexico","Villanueva, Mexico",11-Jun,3-Jun,14-Jun,8-Aug,1-Jun,6-Jan,24-Mar,19-Mar,14-Jun,30-Jan
"Dulecha, Ethiopa","Dulecha, Ethiopa","Aledeghi Wildlife Reserve, Ethiopia","Aledeghi Wildlife Reserve, Ethiopia","Aledeghi Wildlife Reserve, Ethiopia","Mountain Zebra National Park, South Africa","Mountain Zebra National Park, South Africa","Mountain Zebra National Park, South Africa","Mountain Zebra National Park, South Africa","Mountain Zebra National Park, South Africa",20-Oct,7-Jul,5-Feb,21-May,21-Mar,22-Apr,1-Apr,14-Jan,14-Jan,4-Jan
"Frederick Sound, Wrangell-Petersburg, Alaska (west of Kake)","Kodiak Island, Alaska","Unalaska Island, Alaska","Middleton Island, Alaska","Spruce Point to Long Island, Kodiak Island, Alaska","west of Islas de Todos Santos, Mexico","southwest Islas de Todos Santos, Mexico","San Diego, California","Ensenada, Mexico","La Mision to Ensenada, Mexico (northwest of Ensenada)",20-Aug,18-Oct,26-Jul,19-Oct,22-May,23-Jun,22-Sep,8-Jan,5-Dec,29-Nov
"Ester, Alaska","just east of Fairbanks, Alaska","west of Susitna North, Alaska","north of Fairbanks, Alaska","Chena, Alaska","Freeport, Florida","Eunice, Louisiana","Douglass, Texas","Dubach, Louisiana","Tullos, Louisiana",11-Jul,16-Apr,27-Aug,12-Jun,30-Apr,1-Jan,30-Nov,1-Jan,20-Nov,15-Feb
"just south of Cuauhtémoc de Tierra Blanca, Mexico","Bajadas Grandes, Mexico","San Francisco, Guatemala","Carmelita, Belize","Reserva de la Biosfera Selva El Ocote, Mexico","Illimo, Peru","Zapotillo, Mexico","Ciudad Eten, Mexico","Illimo, Peru","Reserva Nacional de Tumbes, Peru",28-Apr,21-Feb,13-Apr,5-Mar,13-Jul,3-Jan,18-Jan,19-Feb,4-Aug,16-Nov
"Etosha National Park, Namibia","Etosha National Park, Namibia","Hwange National Park, Zimbabwe","Etosha National Park, Namibia","Chobe National Park (Savuti Region), Botswana","Mountain Zebra National Park, South Africa","Mountain Zebra National Park, South Africa","Mountain Zebra National Park, South Africa","Mountain Zebra National Park, South Africa","Mokala National Park, South Africa",20-Oct,18-Feb,27-Apr,21-Aug,18-Oct,22-Apr,31-Mar,14-Jan,14-Jan,12-Jan
"Torsvåg, Norway","Hamnøy, Norway","Ólafsfjarðarvatn, Iceland","south of Hofn, Iceland","Grímsey, Iceland","Macquarie Island, Australia","Hurd Point Proper, Macquarie Island, Australia","Hurd Point Proper, Macquarie Island, Australia","Rakiura National Park, Ulva Island, New Zealand","Rakiura National Park, Ulva Island, New Zealand",3-Jun,25-Feb,3-Aug,27-Mar,29-Jul,19-Nov,9-Apr,2-Dec,29-Jan,27-Oct
"north of Dimona, Israel","Tlalim, Israel","Yeruham Lake, Israel","Shivta, Israel","Yeruham Lake, Israel","Flamingo Lake, Oman","between Abha and Khamis Mushait, Saudi Arabia","Wadi Tarabat, Al Ain, United Arab Emirates","Wadi Aydam, Oman","Wadi Aydam, Oman",22-Nov,28-Aug,15-Jan,3-Jul,8-Feb,10-Nov,11-Jun,24-Feb,28-Dec,13-Mar
"North Yorkshire, England","Burnhope Resevoir, Durham, England","Middleton-in Teesdale, Durham, England","Lincolnshire, England","Holme, Cambridgeshire, England","north of Puerto San Julián, Argentina","Parque Nacional Nahuelbuta, Chile","Languiñeo, Argentina (Piedra Parada, Northeast of Parque Nacional Corcovado)","just north of Puerto Santa Cruz, Argentina","Lago Puelo, Argentina",19-Jan,13-Aug,1-Jun,24-Jan,22-Jan,25-Jan,6-Oct,21-Feb,26-Dec,10-Nov
"Iron Range National Park, Cook, Australia","Aore Island, Vanuatu","Cook, Australia","Iron Range National Park, Cook, Australia","Mount Webb National Park, Cook, Australia","Auckland Island, New Zealand","Disappointment Island, New Zealand","Campbell islands, new zealand","Northeast island, New Zealand","Invercargill, New Zealand",9-Jan,29-Sep,31-Jan,1-Jan,23-Nov,7-Dec,16-Jan,8-Jan,18-Nov,28-Feb
"Iron Range National Park, Cook, Australia","Aore Island, Vanuatu","Cook, Australia","Iron Range National Park, Cook, Australia","Mount Webb National Park, Cook, Australia","Auckland Island, New Zealand","Disappointment Island, New Zealand","Campbell islands, new zealand","Northeast island, New Zealand","Invercargill, New Zealand",9-Jan,29-Sep,31-Jan,1-Jan,23-Nov,7-Dec,16-Jan,8-Jan,18-Nov,28-Feb
"Yanta District, China","Shaanxi Chichuashan National Geopark, China","Tangjiahe, China","Changqing Reserve, China","Thanamandi, Tehsil, Jammu and Kashmir","Deo Nui San Pass, Vietnam","Deo Nui San Pass, Vietnam","Deo Nui San Pass, Vietnam","Deo Nui San Pass, Vietnam","Deo Nui San Pass, Vietnam",10-Jan,1-Jun,20-May,7-Aug,31-Dec,3-Jun,5-Jan,13-Feb,1-Jan,6-Feb
"Røstlandet, Norway","Karungi, Sweden","Tyrnävä, Finland","Bälinge, Sweden","Arpela, Finland","Slope Point, Southland, New Zealand","Mason Bay, Steward Island, New Zealand","Ernest Island, New Zealand","Otara, New Zealand","Fortrose Estuary, New Zealand",9-May,5-May,7-May,23-Jun,6-Jun,16-Oct,7-Feb,15-Oct,27-Feb,18-Feb
"Pueblo Nuevo de La Sierra, Venezuela","Punta Róbalo, Panama","Peñas Blancas, Costa Rica","Canoabo, Venezuela","El Baul, Venezuela","Mar de Cobo, Argentina","Mar de Cobo, Argentina","Mar de Cobo, Argentina","Reserva El Destino, Magdalena, Argentina","Cariló, Argentina",4-May,26-Oct,4-Mar,18-Aug,4-Jan,1-Jan,1-Jan,11-May,19-Jul,1-Jan
"Reserva de la Biosfera El Truinfo, Mexico","Chiapas, Mexico","Reserva de la Biosfera El Triunfo, Mexico","Reserva de la Biosfera El Triunfo, Mexico","Reserva de la Biosfera El Triunfo, Mexico","Carretera Satipo, Peru","Nanegal, Ecuador","San Juan del Oro district, Peru","Bosque de Proteccion Pui Pui, Peru","Nanegal, Ecuador",2-Jun,16-Jun,16-Jan,31-Oct,15-Feb,12-Sep,25-Jan,5-Jul,7-Aug,7-Jan
"Congress, Yavapai, Arizona","Anthony Municipal Lake, Harper, Kansas","Socorro, New Mexico","Socorro, New Mexico","Congress, Yavapai, Arizona, ","El Mexquite, Mexico (just east of Jesus Gómez Portugal)","El Mexquite, Mexico (just east of Jesus Gómez Portugal)","El Mexquite, Mexico (just east of Jesus Gómez Portugal)","Laguna La Colorada, Mexico (near San Juanito de Escobedo)","Asupmatoma, Mexico (north San Cristóbal)",4-May,2-Feb,12-Jan,3-Jan,27-Mar,24-Mar,7-Jan,5-Nov,10-Jan,8-Mar
"Lloydminster, Saskatchewan, Canada (By Bousquet Lake, southwest of Goodsoil)","Fort McMurray, Alberta, Canada (north of Kinosis, east of Cheecham)","Beaver Crossing, Alberta, Canada","Fawcett Lake, Alberta, Canada","North Cook Lake Natural Area, Edmonton, Alberta Canada","Osceola, Florida (just east of Deer Park)","Tuleta, Texas","Pasco, Florida (west of Dade City)","Sablatura Nature Park, Nueces, Texas","Bluntzer, Texas",29-Jun,9-Jun,18-Aug,6-Jun,24-May,3-Apr,9-Jun,27-Dec,10-Jan,6-Jan
"Brandberg White Lady Lodge, Namibia (east of Brandberg West Mine)","Windhoek, Namibia","Grosse Spitzkoppe Nature Reserve, Namibia","Grosse Spitzkoppe Nature Reserve, Namibia","Cape Cross, Namibia (Dorob National Park)","Swellendam, South Africa","Grotto Bay, South Africa","Tygerberg Nature Reserve, Bellville, South Africa","west of Rooiberg Nature Reserve, South Africa","Rooiberg Nature Reserve, South Africa",2-Jul,1-Mar,17-Apr,2-Jan,10-Nov,12-Dec,24-Jul,13-Mar,19-Dec,18-Jul
"Asmara, Eritrea","Gondar, Ethiopia","Bahir Dar, Ethiopia","Lalibela, Ethiopia","Bahir Dar, Ethiopia","Cape Aguhlas, South Africa","De Mond Nature Reserve, South Africa","Cape Aguhlas, South Africa","De Hoop Reserve, South Africa","De Hoop Nature Reserve, South Africa",23-Feb,8-Apr,28-Jan,25-Nov,24-Nov,16-Jun,1-Dec,3-Aug,11-Jan,28-Jan
"Pulau Mantanani Besar, Malaysia","Mount Tagubud, New Bataan, Philippines","Tuba, Mount Santo Tomas, Philippines","Maratua Island, Indonesia","Mount Malindang Range Natural Park, Philippines","La Foa, New Caledonia","Mont Koghi, New Caledonia","Kuto, Isle of the Pines, New Caledonia","Mont Koghi, New Caledonia","Kuto Bay, Isle of Pines, New Caledonia",12-Oct,19-Jan,31-May,2-Oct,28-Nov,21-Aug,15-Jun,26-Aug,28-Feb,2-Jun
"Congress, Yavapai, Arizona","Date Creek Ranch Yavapai, Arizona","Date Creek Ranch Yavapai, Arizona","Henrietta, Texas","Date Creek Ranch Yavapai, Arizona","Hacienda Baru, Costa Rica","Hacienda Baru, Costa Rica","Hacienda Baru, Costa Rica","Hacienda Baru, Costa Rica","Hacienda Baru, Cost Rica",26-Mar,29-Mar,13-May,1-Jan,23-Mar,2-Jan,9-Jan,24-Jan,4-Jan,25-Feb
"Beechey Island, Baffin, Nunavut, Canada","Etah, Greenland","Arctic Bay, Baffin, Nunavut, Canada","Resolute, Baffin, Nunavut, Canada","Zackenberg, Greenland","Montaña de Congolón, Honduras","San Juan, Honduras","Rancho Zapata, San Pablo Villa de Mitla, Mexico","Tlacolula de Matamoros, Mexico","Pino Real, Mexico",4-Sep,16-Sep,9-May,31-Jul,9-Jul,2-Aug,29-Apr,24-Mar,7-Jan,19-Jan
"Northern Rockies, British Columbia, Canada","Fort Nelson, British Columbia, Canada","Fort Nelson, British Columbia, Canada","Fort Nelson, British Columbia, Canada","Fort Nelson, British Columbia, Canada","Key Largo, Florida","Key Largo, Florida","Quarry Lake, Miami-Dade, Florida","Biscayne National Park, Miami-Dade, Florida","Key Largo, Florida",15-Feb,3-Feb,18-Feb,16-Jun,31-Mar,27-May,14-Jan,10-Jun,11-Mar,26-Feb
"Waipapa Forest edge, Otorohanga District, New Zealand","Mangatutu Forest, New Zealand","just south of Wharepapa South, New Zealand","Okahukura, New Zealand","just south of Wharepapa South, New Zealand","Codfish Island, Sealers Bay, New Zealand","Fiordland National Park, Anchor Island, New Zealand","Pomona Island, Lake Manapouri, New Zealand","Southeast of Pariroa/ Castle Mount, New Zealand","Fiordland National Park, Mirror Lakes, New Zealand",1-Mar,22-Dec,29-Dec,15-Oct,26-Dec,31-May,8-Feb,23-Feb,22-Feb,16-Dec
"Cook, Australia","Lake Elphinstone, Isaac, Australia","Forever Wild Shared Earth Reserve, Tablelands, Australia","Cook, Australia","Mareeba Wetlands, Tablelands, Australia","Wilsons Promontory National Park, South Gippsland, Australia","Wilsons Promontory National Park, South Gippsland, Australia","Wilsons Promontory National Park, South Gippsland, Australia","Wilsons Promontory National Park, South Gippsland, Australia","Wilsons Promontory National Park, South Gippsland, Australia",29-Oct,28-Sep,1-Apr,5-May,20-Sep,17-Jun,23-Feb,20-Jan,21-Feb,8-Nov
"El Nido, Philippines","Ko Nang Yuan, Nang Yuan Island, Thailand","Koh Pad, Similan Islands, Thailand","Mu Ko Surin National Park, Thailand","Kamorta, Nicobar, Indonesia","Namar, Maluku, Indonesia (east of Pulau Uhiwa)","Komodo National Park, Nusa Tenggara Timur, Indonesia","Kai Kecil, Maluku, Indonesia","Pulau Rambut, Jakarta Raya, Indonesia","Ohoililur Beach, Maluku, Indonesia",17-Nov,1-May,14-Dec,24-Feb,21-Dec,21-May,8-Dec,14-Nov,24-Jan,23-Aug
"Just south of Dalian Xijiao National Forest Park, China","Kuaile Dao, China  (Southeast of Tangshan)","Eocheong Island, South Korea","Beijing Botanical Garden, Beijing, China","Xinggu Residential District, Beijing, China","South of Qingyuan, China","Wenzhou, China","Wangluo Lake, China (east of Nanchang)","east of Nanchang, China","Kinmen, Taiwan",12-Jan,27-Sep,29-Apr,21-Feb,3-Nov,13-Jan,5-May,1-Jan,1-Apr,2-Aug
"Karibib, Namibia","Lubango, Angola","Mt. Tsetserra, Mozambique","Lubango, Angola","Verloren Valei Nature Reserve, South Africa","Pringle Bay, South Africa","Cape Aguhlas, South Africa","Cape Aguhlas, South Africa","Pringle Bay, South Africa","De Mond Nature Reserve, South Africa",12-Apr,14-Apr,12-Dec,3-Sep,12-Jul,10-Aug,8-Sep,27-Jan,16-May,3-May
"Östersund, Sweden","Patsola, Finland","north of Åsen, Norway","near Mäntyluoto, Finland","Noormarkku, Finland","Lake Hayes, New Zealand","Mandeville, New Zealand","Balclutha, New Zealand","Lake Hayes, New Zealand","Balclutha, New Zealand",13-Apr,1-Jun,25-Jul,4-Apr,9-Jun,26-Feb,2-Sep,18-Jan,2-Feb,1-Apr
"Smithton, Tasmania, Australia","Smithton, Tasmania, Australia","Wynward, Tasmania, Australia","Wynward Shoreline, Waratah/Wynyard, Tasmania, Australia","Stanley, Circular Head, Tasmania, Australia","Lune Plain, Huon Valley, Tasmania, Australia","Huon Valley, Tasmania, Australia (near Ida Bay)","Cape Bruny, Kingsborough, Tasmania, Australia","Cloudy Bay, Bruny Island, Tasmania, Australia","Cloudy Bay, Bruny Island, Tasmania, Australia",19-Jan,30-Jan,11-Feb,26-Feb,29-Aug,23-Mar,21-Sep,18-Feb,25-Sep,30-Jan
"Papua Barat, Indonesia","Manokwari, Indonesia","Manokwari, Indonesia","Afrak Mountains, Indonesia","Afrak Mountains, Indonesia","Varirata National Park, Papua New Guinea","Varirata National Park, Papua New Guinea","Varirata National Park, Papua New Guinea","West of Kandipa, Papua New Guinea","Varirata National Park, Papua New Guinea",6-Jun,29-Jul,2-Jul,11-Aug,8-Aug,25-Jul,30-May,31-Jul,23-Aug,23-May
"Southwest of Oombulgurri, Southeast of Drysdale River National Park, Australia","Victoria-Daly, Australia (east of Timber Creek)","McLeods Dam, Victoria-Daly, Australia (East of Timber Creek)","Mungalalu Truscott Air Base, Wyndham-East Kimberley, Australia (near Mary Island/ Kalumburu)","Barred Creek, Broome, Australia","Cape Woolamai, Phillip Island Nature Park, Australia","Bay of Islands, Australia","Twelve Apostles Marine National Park, Australia","Northwest of Wattle Hill, South of Latrobe Bushland Reserve, Australia","Port Campbell National Park, Australia",24-Jun,25-Apr,13-May,19-Aug,15-Mar,20-Feb,12-Oct,1-Jan,12-Feb,11-Feb
"Obo, Papua New Guinea (north of Erambo, south of Aiambak)","Saibai Island, Australia","Obo, Papua New Guinea (north of Erambo, south of Aiambak)","Obo, Papua New Guinea (north of Erambo, south of Aiambak)","Bamaga, Australia","Rock Gully, Australia (east of Lake Muir National Park)","Porongurup National Park, Australia","Peaceful Bay, Australia","Stirling Range National Park, Australia","Manjimup, Australia",7-Jul,15-Mar,20-Mar,5-Mar,5-Jul,22-Oct,15-Apr,8-Oct,15-Nov,18-Aug
"Raahe, Finland","Utö, Finland (Southwest of Skärgårdshavets National Park)","Utö, Finland (Southwest of Skärgårdshavets National Park)","Kolka, Latvia","Southeast of Stockholm, Sweden","South of Qaa, northeast of Ras Baalbek, Lebanon","Mount Amasa, Israel (near Har Amasa)","Mikhmannim, Israel (east of Karmiel)","East of El Hammam, Morrocco","West of Foinikaria, Cyprus",28-Sep,17-Apr,23-Sep,28-Jun,23-Apr,22-Nov,16-Mar,8-Nov,21-May,6-Nov
"Mboro, Senegal (north of Thies)","Gamadji Saré, Senegal","Centre Faragu, Senegal (north of Fathala Wildlife Reserve)","Toubab Dialao, Senegal","Diofior, Senegal","Kranshoek, South Africa (east of Knysa)","Nature's Valley, South Africa (South of Garden Route National Park)","Nature's Valley, South Africa (South of Garden Route National Park)","Knysna, South Africa","Kenton-On-Sea, Eastern Cape, South Africa",20-Oct,5-Jan,31-Dec,26-Mar,31-Dec,23-Sep,2-Jan,4-Jan,21-Dec,25-Dec
"Mboro, Senegal (north of Thies)","Gamadji Saré, Senegal","Centre Faragu, Senegal (north of Fathala Wildlife Reserve)","Toubab Dialao, Senegal","Diofior, Senegal","Kranshoek, South Africa (east of Knysa)","Nature's Valley, South Africa (South of Garden Route National Park)","Nature's Valley, South Africa (South of Garden Route National Park)","Knysna, South Africa","Kenton-On-Sea, Eastern Cape, South Africa",20-Oct,5-Jan,31-Dec,26-Mar,31-Dec,23-Sep,2-Jan,4-Jan,21-Dec,25-Dec
"Tiritiri Matangi, Rodney District, New Zealand","Tawharanui Regional Park, Rodney District, New Zealand","Tawharanui Regional Park, Rodney District, New Zealand","Tawharanui Regional Park, Rodney District, New Zealand","Tawharanui Regional Park, Rodney District, New Zealand","Orokonui Ecosanctuary, Dunedin City, New Zealand","Orokonui Ecosanctuary, Dunedin City, New Zealand","Orokonui Ecosanctuary, Dunedin City, New Zealand","Orokonui Ecosanctuary, Dunedin City, New Zealand","Orokonui Ecosanctuary, Dunedin City, New Zealand",8-Jan,7-Jan,6-Jan,1-Feb,27-Feb,3-Jan,4-Jan,6-Jan,21-Jan,6-Apr
"Da Nang, Vietnam","Nan, Thailand","Ninh Bin, Vietnam","Nakhon Sawan, Thailand","Khon Kaen, Thailand","Burdekin, Australia - Queensland","Mackay, Australia - Queensland","Burdekin, Australia - Queensland","Mackay, Australia - Queensland","Derby-West Kimberley, Australia - Western Australia",25-Feb,25-Jun,6-Nov,17-Jan,4-Feb,27-Nov,10-Jan,26-May,25-Nov,15-Aug
"West Midlands, Great Britain - England","Hertfordshire, Great Britain - England","London, Great Britain - England","London, Great Britain - England","Mersey Valley, Manchester, Great Britain - England","Gerhardsville, South Africa","Pretoria, South Africa","Rietvlei Nature Reserve, South Africa","Umhlanga Lagoon, South Africa","Irene Country Club, South Africa",9-Jun,8-Jun,30-Jun,1-Jun,7-Jun,16-Jun,3-Jul,4-Jun,1-Jun,29-Jul
"Mutianyu Great Wall, China","Goushicao, Xiaolongmen, Beijing,China","Ritan Park, Beijing, China","Gubei creekbed near xinchengzi, China","Nanpu Town General, Binhaizhen, China","Hôi An, Vietnam","Fangshan Township, Taiwan","Pingtung Haifeng Wetland, Taiwan","Kengting Holiday Hotel, Hengchun, Taiwan","Pingtung--Yingda Eco Farm, Taiwan",18-Jul,23-Jun,1-Jun,27-Jun,1-Jun,17-Jul,1-Jul,9-Jul,29-Jun,2-Jun
"Zona Reservada Illescas, Piura, Peru","Zona Reservada Illescas, Piura, Peru","Isla Pescadores, Lima District, Peru","Zona Reservada Illescas, Piura, Peru","Callao District, Lima District, Peru","Maiquillahue, Los Rios, Chile","Pucatrihue, San Juan de la Costa, Chile","Colaco playa, Calbuco, Chile","Rio Quenuir, Maullin, Chile","Isla Santa Maria, Coronel, Chile",15-Mar,24-May,5-Mar,19-May,15-Mar,19-Oct,30-Jan,24-Jan,Feb-29,4-Sep
"Qing Dao, Zhongshan Park, China","China Agricultural Museum, Maizidian Subdistrict, Beijing, China","Zhonghsan Park, Tiananmen, Beijing, China","Temple of Heaven, Beijing, China","Temple of Heaven, Beijing, China","Beijia Harbour, Leizhou, China","Sanya, Hainan, China","Tang Zhui Zhen, China","Sanya, Hainan, China","Lantau South Country Park, Mui Wo, Hong Kong",12-Apr,1-Jan,3-Mar,13-May,15-Mar,Janaury 26,13-Sep,13-Nov,21-Oct,27-Nov
"Tanjong Putus Papua Barat, Indonesia","Sidangoli, Maluku Utara, Indonesia","North Maluku, Jalan Sofifi - Dodinga (0.8091, 127.6838), Indonesia","Jl. Trans Halmahera Hwy, (1.013575, 127.951813), Maluku Utara, Indonesia","Sidangoli, Maluku Utara, Indonesia","Varirata National Park, Port Moresby, Papua New Guinea","Tawali Resort, Milne Bay, Papua New Guinea","Varirata National Park, Port Moresby, Papua New Guinea","Nigila, Milne Bay, Papua New Guinea","Milne Bay Province (-10.266751,150.50144), Papua New Guinea",6-Mar,12-Jun,29-Aug,2-Aug,19-Aug,24-Jun,15-Apr,9-Aug,25-Apr,8-Oct
"Crowne Plaza, Port Moresby, Papua New Guinea","Lake Hebema, Pondok Tiga, Papua, Indonesia","New Mapoon sweage ponds, Norther Peninsula Area, Queensland, Australia","Saibai Island, Torres Strait Island, Queensland, Australia","Papua New Guinea LNG (-9.3559,147.0306), Papua New Guinea","Greenpoint Domain and Boardwalk, Invercargill City, New Zealand","Bluff Highway, Invercargill City, New Zealand","Invercargill Estuary Shellbanks, Invercargill City, New Zealand","Awarua Bay -- Eastern end, Southland District, New Zealand","Whaler Bay, Sandy Point, Invercargill City, New Zealand",21-Sep,13-Aug,16-Dec,9-Mar,28-Sep,13-Mar,22-Sep,22-Apr,8-Apr,1-Apr
"Tiritiri Matangi, Rodney District, New Zealand","Taranga Island, Dragon Mouth Cove, Whangarei District, New Zealand","Tiritiri Matangi, Wattle Track, Rodney District, New Zealand","Red Mercury Island, Thames-Cormandel District, New Zealand","Tiritiri Island, Rodney District, New Zealand","Kapiti Island, Kapiti Coast District, New Zealand","Kapiti Island, Kapiti Coast District, New Zealand","Sealers Bay, Chalky Island, Southland District, New Zealand",NA,"Kapiti Island, Kapiti Coast District, New Zealand",18-Jan,27-Sep,26-Jan,9-Mar,3-Jan,2-Mar,14-Jan,22-Nov,NA,17-Jan
"San Luis Potosi (21.221,-98.815), Mexico","Sotano de Las Golondrinas, Mexico","Sendero la Campana, Hildago,Mexico","Cacalotepec, Puebla, Mexico","Parque Ecologico El Haya, Veraruz, Mexico","Altos del Maria, Panama","Altos del Maria, Panama","Altos del Maria, Panama","Altos del Maria, Panama","Altos del Maria, Panama",6-Aug,27-Aug,14-Jul,9-Dec,19-Apr,22-Jan,2-Feb,9-Jan,29-Mar,7-Dec
"Mclaren Falls Park, Western Bay of Plenty District, New Zealand","Pouto--Lake Rototuna, Kaipara District, New Zealand","Mangere Wastewaster Treatment Plant, Manukau City, New Zealand","Far North-- Lake Waiporohita, Far North District, New Zealand","Auckland Airport, Manukau City, New Zealand","Waituna Lagoon, Southland District, New Zealand","Daffodil Bay, Sandy Point, Invercargill City, New Zealand","Robson Rd, Clutha District, New Zealand","Te Anau Wildlife Centre, Southland District, New Zealand","Te Anau, Southland District, New Zealand",12-Jan,31-Mar,1-Jan,21-Feb,1-Feb,5-Mar,2-Apr,18-Nov,6-Feb,26-Feb
"Ulong Island, Palau","Ulong Island, Palau","Lighthouse, South Andaman, Andaman and Nicobar Islands","Great Nicobar Biosphere reserve, Nicobar, Andaman and Nicobar Islands","Great Nicobar Biosphere reserve, Nicobar, Andaman and Nicobar Islands","Tetepare Nature Reserve, Soloman Islands","Kulu River, West New Britain Province, Papua New Guinea","Bukit Lemba, Maluku Utara, Indonesia","Lola Island--Zipolo Habu Resort, Soloman Islands","Weda, Malukua Utara, Indonesia",8-Aug,6-Feb,4-Dec,7-Dec,26-Mar,13-Jun,13-Jul,24-Jul,7-Mar,4-Oct
"Merluna Station, Cook, Queensland, Australia","Bamaga, Northern Peninsula Area, Queensland, Australia","Bamaga, Northern Peninsula Area, Queensland, Australia","Weipa, Queensland, Australia","Bamaga, Northern Peninsula Area, Queensland, Australia","Sainty's Creek Cottage, Kingborough, Tasmania, Australia","Cloudy Bay Road, South Bruny Island, Kingborough, Tasmania, Australia","Cloudy Bay Road, South Bruny Island, Kingborough, Tasmania, Australia","Cloudy Bay, Bruny Island, Kingborough, Tasmania, Australia","Inala, Kingborough, Tasmania, Australia",8-Jun,16-Jun,18-Dec,24-Oct,31-Jan,24-Apr,2-Jan,22-Dec,25-Sep,19-Feb
"Kari Raja Islands, Papua Barat, Indonesia","Makbon Road, Papua Barat, Indonesia","Waigeo (-0.3031,130.9206), Papua Barat, Indonesia","Nudibranch Homestay, Papua Barat, Indonesia","Reifafeif River, Japen Island, Papua, Indonesia","Mt. Kilkerran river camp, Fergusson Island, Papua New Guinea","Fly River at Drimdenasuk, Papua New Guinea","Obo Station, Papua New Guinea","Vanapa River Lowlands, Kanobaba'a 1, Papua New Guinea",NA,16-Mar,30-Aug,11-Sep,19-Feb,30-Oct,18-Aug,7-Jul,24-Mar,4-Jul,NA
"Bogani Nani Wartabone--Malibagu Road, Sulawesi Utara, Indonesia","Wisma Toraut, Bogani Nani Wartabone National Park, Sulawesi Utara, Indonesia","Wisma Toraut, Bogani Nani Wartabone National Park, Sulawesi Utara, Indonesia","Wisma Toraut, Bogani Nani Wartabone National Park, Sulawesi Utara, Indonesia","Molibagu Road, Bogani Nani Wartabone National Park, Sulawesi Utara, Indonesia",NA,"Lore Lindu National Park--Anaso Track, Sulawesi Tengah, Indonesia","Karaenta Forest, Sulawesi Selatan, Indonesia",NA,"Tambing Lake, Lore Lindu National Park, Sulawesi Tengah, Indonesia",9-Jul,18-Sep,17-Jul,20-Sep,26-Aug,NA,24-Jun,18-Sep,NA,13-Aug
"Buffalo Creek, Roper Highwy Elsey (-15.0039, 133.2803), Roper Gulf, Northern Territory, Australia","Menggitimbe, Nusa Tenggara Timur, Indonesia","Bandar Udara Umbu Mehang Kunda, Nusa Tenggara Timur, Indonesia","Brown River/ Vanapa River Lowlands, Papua New Guinea","Port Douglas, Cairns, Queensland, Australia","Christmas Hills Raspberry Farm, Meander Valley, Tasmania, Autralia","Rostrevor Lagoon, Glamorgan/Spring Bay, Tasmania, Australia","Goulds Lagoon Wildlife Sanctuary, Glenorchy, Tasmania, Australia","Richmond, Clarence, Tasmania, Australia","Goulds Lagoon Wildlife Sanctuary, Glenorchy, Tasmania, Australia",16-Sep,21-Sep,2-Oct,4-Jul,13-Feb,12-Jan,24-Dec,21-Jan,7-Jan,15-Feb
"Normanton-Floraville Rd, Bynoe River crossing, Carpentaria, Queensland, Australia","Parry Lagoons Nature Reserve--Marglu Billabong, Wyndham-East Kimberley, Western Australia, Australia","Parry Lagoons Nature Reserve--Marglu Billabong, Wyndham-East Kimberley, Western Australia, Australia","Kennedy Creek, Tablelands Highway, Barkly, Northern Territory, Australia","Ilparpa Claypans Crown Land Reserve, Alice Springs, Northern Territory, Australia","Lake Cartcarrong, Moyne, Victoria, Australia","Wingeel Rd, Wingeel (-38.046,143.857) Golden Plains, Victoria, Australia","Cockato Lake, Naracoorte and Lucindale, South Australia, Australia","Mundy Terrace, Robe, South Australia, Australia","Serendip Sanctuary, Greater Geelong, Victoria, Australia",3-Nov,30-Jun,2-Jul,22-Jan,30-Aug,18-May,29-Apr,11-Apr,11-Jan,1-Jan
"Ohope Scenic Reserve, Whakatane District, New Zealand","Collingwood Estuary, Tasman District, New Zealand","Opotiki--Hikuwai Beach, Opotiki District, New Zealand","Kawakawa Bay, Manukau City, Auckland, New Zealand","The Tree House, 168 West Coast Road, Motukaraka Hokianga, Kohukohu, New Zealand","Bench Island, Southland District, New Zealand","Bench Island, Southland District, New Zealand","South Passage Island - south-east, Southland District, New Zealand","Fiordland National Park--Milford Sound, Southland District, New Zealand","Fiordland National Park--Milford Sound, Southland District, New Zealand",6-Oct,25-Jun,15-Dec,22-Apr,8-Mar,9-Feb,22-Oct,24-Nov,31-Dec,9-Feb
"Laoag Bypass Road - Padsan River, Laoag City, Phillipines","Mt. Iraya, Basco, Batanes, Phillipines","Mt. Iraya, Basco, Batanes, Phillipines","Vayang Rolling Hils, Basco, Batanes, Phillipines","Banaue hotel, Banaue, Luzon, Phillipines","Kundy Island, Southland District, New Zealand","Yejele Beach, Mare, New Caledonia","Bethany Park Camp, Tasman District, New Zealand","Port Campbell National Park, Princetown, Corangamite, Victoria, Australia","Heyfield Racecourse Wetlands, Wellington, Victoria, Australia",27-Mar,9-Feb,13-Feb,17-Mar,11-Feb,4-Sep,5-Sep,21-Dec,14-Jun,3-Dec
"Heaphy Track, Kahurangi National Park, Tasman district, New Zealand","61 Celia Street, Stratford, Taranaki, New Zealand","Te Araroa Trail, Pureora Forest Park, Ruapehu District, NZ","Whirinaki Forest Park, Whakatane District, New Zealand","Tongariro River at Turangi (Te Aho Rd), Taupo District, NZ","Lake Thomson Hut, Southland District, New Zealand","Fiordland National Park Lodge, Southland District, New Zealand","Rainbow Reach - Iris Burn, Southland District, NZ","Kepler Track - Iris Burn, Southland District, NZ","Milford Track - Glade Wharf to Clinton Hut, Southland 9679, New Zealand",8-Jan,11-Oct,28-Nov,29-Dec,11-Nov,Janaury 29,29-Jul,5-Jun,9-Jul,11-Feb
"Seaview Mountain Retreat (Turkey Beach) Gladstone, Queensland, Australia","Cania Gorge Tourist Retreat, North Burnett, Queensland, AU","Seventeen Seventy, Gladstone, Queensland, AU","Cania Gorge National Park, North Burnett, Queenland, AU  (24.7241,150.9939)","Carmilla Beach, Isaac, Queensland, Australia","Wirilda Environment Park, Latrobe, Victoria, AU","Wirilda Environment Park, Latrobe, Victoria, AU","Metung, East Gippsland, Victoria, AU","Nyermilang Park (-37.87567,147.92822), East Gippsland, Victoria, AU","Rokebby Recreation Reserve, Baw Baw, Victoria, AU",28-Oct,20-Oct,22-Aug,28-Nov,8-Jan,23-Mar,8-Sep,11-Nov,9-Apr,30-Dec
"Hornborgasjön--Hångers udde, Sweden","Hornborgasjön--Naturum, Sweden","Frövisjön - Plattformen, Sweden","Hwy 3, Mackenzie River crossing, Northwest Territories, Canada","Wood Buffalo NP--Rocher at Coupe River, Forst McMurray, Alberta, Canada","Lake Michelle, Noordhoek, Capetown, South Africa","De Hoop Nature Reserve, South Africa","Shearwater Apartment, Simon's Town, South Africa","De Hoop Nature Reserve, South Africa","De Hoop Nature Reserve, South Africa",15-Apr,5-Jun,6-Jun,12-Jun,21-May,12-Oct,19-Apr,26-Sep,11-Jan,7-Aug
"Palmar-Rio Grande, Bolivar, Venezuela","Reserva Forestal del Caura--Las Trincheras, Venezuela","Transit 4 Aurora (6.7527, -59.7283), Cuyuni,Mazaruni, Guyana","Waini River base camp (8.1807,-59.4776), Guyana","El Palmar, Bolivar, Venezuela","Fazenda rio Vermelho, Rio de Janeiro, Brazil","Estrada Lumiar-Aldeia Velha (-22.395,-42.302), Rio de Janeiro, Brazil","Pedra de Tres Pontoes, Afonso Claudio, Brazil","Estrada do Helinho, Rio de Janeiro Brazil","Sumidouro, Rio de Janeiro, Brazil",12-Dec,21-Feb,7-Feb,25-Jul,16-Nov,23-Aug,29-Jul,16-Mar,19-Oct,3-Jul
"Parque Nacional do Itatiaia--area geral, Rio de Janeiro, Brazil","Hotel Fazenda Monte Verde Golf & Resort, Vargem Alta -ES, Brazil","Mata do Caetes, Espirito Santo, Brazil","Reserva Mata do Passarinho, Bandeira, Brazil","Parque Estadual Intervales, Sao Paulo, Brazil","Non Moncona Virgin Lodge, San Pedro, Argentina","Estrada Geral do Braco (-27.1096,-48.7802), Camboriu, Brazil","Cueva Mini lodge and adventure, Eldorado, Argentina","Parque Provincial Salt Encantado, Misiones, Argentina","Parque Provincial Mocona, San Pedro, Argentina",6-Mar,21-Oct,22-Mar,9-Nov,18-Nov,18-Aug,1-Jul,9-Jan,22-Oct,17-Mar
"Parque Nacional da Serrra do Gandarela (-20.1701,-43.7858), Minas Gerais, Brazil","Estrada Parque Nacional doCaparao (-20.41,-41.837), Minas Gerais, Brazil","Cachoeira do Cerradao, Minas Gerais, Brazil","Casca D'Anta waterfall Parque Nacional da Serra da Canastra, Sao Roque de Minas, Brazil","Parque Estadual de Serra do Mar-Nucleo Cunha, Sao Paulo, Brazil","Parque tematico (-31.611,-52.517), Rio Grade do Sul, Brazil","Santuario Nossa Senhora de Guadalupe, Rio Grande do Sul, Brazil","Sao Francisco de Paula--Pousada Recanto da Mata, Rio Grande do Sul, Brazil","Morro Reutra--area geral, Rio Grande do Sul, Brazil","Morro Reuter -- Estrada Jose Klauck, Rio Grande do Sul, Brazil",12-Dec,24-Jan,7-Oct,22-Jul,1-Jan,15-Aug,30-Jun,28-Sep,24-Mar,8-Nov
"Georgetown Botanical Gardens, Georgetown, Guyana","Warmuri Trail, Kukama, Guyana","Mahaicony River, Mahaicony, Guyana","Roraima (2.859, - 60.631), Boa Vista, Brazil","Georgetown Botanical Gardens, Georgetown, Guyana","Embrapa Clima Temperado, Rio Grand do Sul, Brazil","Santuario Nossa Senhora de Guadalupe, Rio Grande do Sul, Brazil","Santuario Nossa Senhora de Guadalupe, Rio Grande do Sul, Brazil","Estancia Virocay (AICA CR15), Santo Tome, Argentina","Parque Provincial Mocona, San Pedro, Argentina",13-Jan,30-Jun,27-Feb,16-Dec,21-Feb,9-Jun,30-Jun,28-Oct,5-Nov,18-Mar
"Yabello--Elephant Rock, Oromia, Ethiopia","Turmi (general area), Ethiopia","Kidepo Valley National Park, Uganda","Kidepo Valley National Park, Uganda","Lake Baringo, Kenya","Madibira (-8.216,34.835), Mbeya Region, Tanzania","Ruaha River Lodge, Tanzania","Tarangire National Park--Tarangire Simba Lodge, Tanzania","Tarangire National Park--Tarangire Simba Lodge, Tanzania","Tarangire National Park--Tarangire Simba Lodge, Tanzania",15-Jan,1-Feb,2-May,4-Jul,7-Aug,31-Oct,10-Apr,15-Apr,7-Jun,20-Feb
"Baruipur Marches, South 24 Parganas, West Bengal, India","Deobali Jalah (26.247,92.604), Nagaon, India","Manas National Park-- Bhuyanpara (Eastern Range), Baksa, India","Maulana Azad Rd, Nagaon, India","Malasi Lake, Cabagan, Phillipines","Sentani Grassland, Papua, Indonesia","Diamond Head Road, Crowdy Bay National Park, New South Wales, AU","Kimbe Bay--Malumalu Island, Papua New Guina","Bindarrabi Bush Camp (Koreelah National Park), Tenterfield, New South Wales, AU","Flood Reserve Road, Lismore, New South Wales, AU",14-Jul,10-Feb,11-Apr,7-Feb,25-Oct,20-Jun,2-Dec,13-Aug,27-Feb,11-Nov
"Porvoo--Heinajarvi, Finland","Salo, Halikonlahti area, Finland","Jokiniemen Kissahoitola,Tyrnava, Finland","Landsbergaslatten, Uppsala Ian, Sweden","Lappi, Lumijoki, Finland","Sarilar, Turkey","Sarilar, Turkey","Saribeyler, Turkey","Kanibarazan wetland, Iran","Kafkas University Wetland, Turkey",23-Jan,27-Nov,26-May,17-Dec,9-Jun,2-Aug,22-Jul,26-Nov,21-Mar,19-Mar
"Lupi Hyllykallio, Seinajoki, Finland","Tuusniemi, Koivulahti, Finland","Sundom, Sweden","Nokkala, Finland","Kempeleenlahti Bay, Finland","Bahia Jara, Chile Chico, Chile","Bahia Jara, Chile Chico, Chile","Terra Luna Lodge, Chile Chico, Chile","Vista Hermosa, Coyhaique, chile","Pasado Cruce del Valle Simpson, Coyhaique, Chile",14-Apr,4-Apr,1-Jun,7-May,19-May,Septemer 17,26-Oct,4-Apr,10-Apr,21-Jun
"Altinkum Plaji, Cyprus","Mobarakiyeh, Iran","Fakhrabad, Iran","Estagfirullah, Turkey","Beit HaArava, Israel","Duiwenhoks River mouth, South Africa","De Hoop Nature Reserve, South Africa","Van Dyks Bay, South Africa","Springerbaai Coastal Eco Estate, South Africa","De Mond Nature Reserve, South Africa",26-Apr,5-Jan,29-Dec,26-Oct,24-Apr,14-Dec,17-Oct,27-Dec,19-Jan,1-Nov
"Kfar Ruppin fishponds, Israel","Mosul Lake--dam outlet, Iraq","Tal Or, Israel","Arikhiya Farm, Qatar","Mara Triangle, Kenya","Rust De Winter Nature Reserve Limpopo, South Africa","North Uthungulu (-27.9358,32.2394), South Africa","Nagana, South Africa","Rooikatkloof Nature Preserve, South Africa","Mkhuze, South Africa",16-Jul,24-Jun,24-Jun,7-Jun,8-Jul,27-Jul,13-Jul,22-Jun,24-Jun,14-Jun
"Rield Recreation Park, Edmonton, Alberta, Canada","Grand Prairie, Alberta, Canada","Rang Road 233, Edmonton, Alberta, Canada","Riviere Qui Barre, Edmonton, Alberta, Canada","Cardiff, Alberta, Canada","Dover Air Force Base, Kent, Delaware, United States","West Point, King William, Virginia, United States","Coles County, Illinois, United States","Dover Air Force Base, Kent, Delaware, United States","Sandborn, Knox, Indiana, United States",1-Jan,9-Feb,14-Feb,9-Jan,10-Jan,17-Jan,1-Jan,7-Jan,2-Feb,24-Jan
"Payogasta, Cachi, Argentina","Salta rafting (-25.293,-65.272), La Vina, Argentina","Cabra Coral, La Vina, Argentina","Campo Kilampa-Tala Canada, Pocho, Argentina","Las Calles, San Alberto, Argentina","Estrada Caleta Cordova, Escalante, Argentina","Ruta Provincial 270, Sarmiento, Argentina","Bosque pertrificado Sarmiento, Sarmiento, Argentina","Aeropuerto Internacional Almirante Marcos A. Zar, Rawson, Argentina","Puerto Madryn, Biedma, Argentina",26-Feb,1-May,10-Mar,10-Jan,24-Oct,15-Jan,11-Feb,26-Aug,12-Nov,1-Dec
"Carlton Park Community Club, Prince Albert, Saskatchewan, Canada","Brule Lake campsite, Cook, Minnesota, United States","Bear Head Lake, St. Louis, Minnesota, United states","28 Lakeview Dr, Terrace Bay, Ontario, Canada","Sainte-Rose-du-Nord, Le Fjord-du-Saguenay, Quebec, Canada","Puerto Angel, Oaxaca, Mexico","Punta Cometa, Oaxaca, Mexico","Parque Nacional Huatulco, Oaxaca, Mexico","Puerto Angel, Oaxaca, Mexico","Playa Zipolite, Oxaca, Mexico",26-Jul,5-Jul,5-Jul,6-Nov,2-Mar,12-Jan,18-Feb,6-Mar,26-Mar,25-Mar
"Edison BBS Rte--start, El Paso County, Colorado, United states","Miami-Yoder School, Rush, Colorado","Wild Horse, Cheyenne County, Colorado, United States","Ellicott, El Paso County, Colorado, United States","Aroya, Cheyenne County, Colorado, United states","San Pablo Toliman (20.796,-99.918), Queretaro, Mexico","Mesa Las Prenada, Aguascalientes, Mexico","San Jose del Alamito, San Jose de vindeo, Coahuila, Mexico","Charcas, San Luis Potosi, Mexico","Tequisquiapan, Queretaro, Mexico",21-Jun,6-Jun,14-Apr,21-May,8-May,29-Aug,8-Jul,13-Jan,4-Sep,4-Jun
"Ein Al-Auja, Israel","Ma'ale Efraim (32.081, 35.38), Israel","Ma'ale Efraim, Israel","Ma'ale Adumim, Israel","Yahel, Israel","Salalah, Oman","Dahariz Beach-Khor End, Oman","The Inter-University Institute for Marine Sciences, Israel","Crowne Plaza Resort, Salalah, Oman","Dahariz Beach-Khor End, Oman",19-Oct,28-Oct,21-Jan,22-Oct,9-May,10-Aug,13-Apr,28-Mar,27-Jan,16-Mar
"Istituto Nacional Mata Atlantica, Stana Teresa, Brazil","Jequie, Brazil","Parque Nacional de Boa Nova, Brazil","Pedra de Tres Pontoes, Brazil","Santa Teresa, Brazil","Volta Velha Reserve, Itapoa, Brazil","Quest Brazil, Schroeder, Brazil","Brusque, Brazil","Parque Nacional de Sao Joquim, Brazil","Volta Velha Reserve, Itapoa, Brazil",22-Aug,30-Mar,16-Mar,15-Mar,16-Nov,19-Jan,6-Oct,28-Oct,13-Feb,1-Jun
"Laoag City, Phillipines","Mt. Iraya, Basco, Phillipines","Mt. Iraya, Basco, Phillipines","Vaayang Rolling Hills, Basco, Phillipines","Banaue hotel, Phillipines","Kundy Island, South District, New Zealand","Torrent Bay, Tasman District, New Zealand","Marahau, Tasmam District, New Zealand","Port Campbell National Park, Corangamite, Victoria, Australia","Point Wilson, Greater Geelong, Victoria, Australia",26-Mar,9-Feb,13-Feb,17-Mar,11-Feb,4-Sep,9-Jan,6-Mar,14-Jun,4-Jan
"Kakadu National Park--South Aligator boatramp, West Arnhem, Northern Territory, AU","Kulu River, Papua New Guinea","(-12.5009,136.2708), East Arnhem, Northern territory, AU","Sorong Airport, Papua Barat, Indonesia","Gizo, Ghizo Island, Solomon Islands","Curio Bay, Southland District, New Zealand","Puerua Bridge, Clutha District, New Zealand","Curio Bay, Southland District, New Zealand","Catlins Forest Park, Clutha District, New Zealand","Stewart Island Pelagic Flat Rock, Southland District, New Zealand",28-Dec,13-Jul,21-Sep,11-Jun,14-Dec,20-May,2-Jan,11-Oct,21-Mar,20-Nov
"Helena Bay, Whangarei District, NZ-NTL","Omaha Bay Vineyard, Rodney District, Aukland, NZ","Cape Reinga (-34.4287,172.6794), Far North District, NZ-NTL","Parua Bay, Whangarei District, NZ-NTL","12 Old Mill Lane Wetlands (Waiotoi River), Whangarei District, NZ-NTL","Mana Island, Porirua City, NZ","Kapiti Island, Kapiti Coast District, NZ-WGN","Snells Beach Flats, Rodney District, NZ-AUK","Papakura--upper Pahurehure Inlet, Papakura District, NZ-AUK","Little Waihi estuary, Western Bay of Plenty District, NZ-BOP",14-Feb,15-Dec,12-Nov,6-Nov,29-Jan,9-Jan,14-Jan,27-Nov,22-Dec,15-Nov
"Sembiki Rd, Jikotomo, Maluku Utara, Obi Island, Indonesia","Cagar Alam Panua, Gorontalo, Indonesia","Pulisan Resrot, Pulisan, North Sulawesi, Indonesia","Tangkoko Batuangus National Park, Sulawesi Utara, Indonesia","The Tip of Borneo, Sabah, Malaysia","Ruteng, Flores, Nusa Tenggara Timur, Indonesia","Gunung Tunak Deer Park, Nusa Tengggara Barat, Indonesia","Villla Rimba, Kedisan, Gianyar, Bali, Indonesia","Puarlolo, Nusa Tenggara Timur, Indonesia","Puarlolo, Nusa Tengggara Timur, Indonesia",30-Jul,26-Jun,14-Aug,29-Aug,23-Apr,14-Nov,11-Jul,26-Sep,8-May,29-Jul
"Papua Paradise Eco Resort, Papua, Barat, Indonesia","Pulau Wayag, Wajag Island, Papua Barat, Indonesia","Gereja solavide Warimark, Waigeo, Papua Barat, Indonesia","Nimbokrang--forest near village, Papua, Indonesia","Nimbokrang--forest near village, Papua, Indonesia","Lake Murray Lodge, Western Province, Papua New Guinea","Tabubil-Kiunga Rd, Western Province, Papua New Guinea","Nimbokrang--forest viewpoint, Papua, Indonesia (-2.601,140.062)","Lake Murray Ecolodge, Western Province, Papua New Guinea","Milne Bay Province (-10.266751, 150.50144), Papua New Guinea",27-May,14-Oct,16-Dec,10-Sep,28-Jul,24-Aug,10-Jun,21-Nov,11-Jun,8-Oct
"Papua Paradise Eco Resort, Papua, Barat, Indonesia","Waigeo- General Island, Papua Barat, Indonesia","Kamtabai Homestay, Waigeo, Papua Barat, Indonesia","Tabbubbil-Kiunga Rd, Western Province, Papua New Guinea","West Waigeo Nature Reserve, Papua Barat, Indonesia","Varirata National Park, Port Moresby, Papua New Guinea","Varirata National Park, Port Moresby, Papua New Guinea","Varirata National Park, Port Moresby, Papua New Guinea",NA,"Varirata National Park, Port Moresby, Papua New Guinea",27-May,10-Mar,14-Dec,Feb-29,26-Nov,28-Jun,31-May,12-Mar,NA,18-Jul
"Edmonton, Alberta, Canada","Prince Albert, Saskatchewan, Canada","Edmonton, Alberta, Canada","Edmonton, Alberta, Canada","Edmonton, Alberta, Canada","Tallahassee, Florida, USA","Tallahassee, Florida","Atlanta, Georgia","Macon, Georgia","Panama City, Florida",29-Jul-19,20-Jun-18,18-Aug-17,3-Jul-16,26-Jun-15,6-Jan-19,25-Feb-18,19-Nov-17,17-Dec-16,14-Jan-15
"Fort Simpson, Northwest Territories, Canada","Fort Nelson, Canada","Fort Smith, Canada","Toad River, Canada","Anchorage, Alaska","Naples, Florida","Tampa, Florida","West Palm Beach, Florida","St. Petersburg, Florida","Boca Raton, Florida",19-Aug-19,2-Sep-18,27-May-17,29-Apr-16,14-Aug-15,1-Sep-19,31-Dec-18,3-Feb-17,16-Dec-16,2-Feb-15
"La Crosse, Wisconsin, USA","Midland, Michigan, USA","Killington, Vermont, USA","Manchester, New Hampshire, USA","Eau Claire, Wisconsin, USA","Tampa, Florida, USA","Tampa, Florida, USA","Tampa, Florida, USA","Tampa, Florida, USA","Tampa, Florida, USA",27-Apr-19,8-Jun-18,22-May-17,2-May-16,6-May-15,9-Mar-19,10-Jan-18,16-Feb-17,30-Jan-16,7-Feb-15
"La Ceiba, Honduras","La Ceiba, Honduras","La Ceiba, Honduras","Liberia, Costa Rica","Siuna, Nicaragua","Jama, Ecuador","Quito, Ecuador","Jama, Ecuador","Puerto Lopez, Ecuador","Santo Domingo, Ecuador",14-Mar-19,14-Jul-18,2-Apr-17,24-Apr-16,16-Apr-15,25-Nov-19,13-Dec-18,6-Dec-17,18-Oct-16,17-Nov-15
"Placencia, Belize","Trio, Belize","Trio, Belize","Trio, Belize","La Ceiba, Honduras","Tumbes, Peru","Tumbes, Peru","Tumbes, Peru","Pinas, Ecuador","Pinas, Ecuador",16-May-19,30-Mar-18,3-Apr-17,1-Mar-16,17-May-15,27-Jul-19,14-Aug-18,23-Dec-17,1-Nov-16,5-Nov-15
"Jaco, Costa Rica","Jaco, Costa Rica","Jaco, Costa Rica","Jaco, Costa Rica","Jaco, Costa Rica","Joinville, Brazil","Curitiba, Brazil","Joinville, Brazil","Joinville, Brazil","Joinville, Brazil",26-Jul-19,27-Aug-18,24-Jun-17,9-Jul-16,7-Oct-15,24-Jan-19,5-May-18,19-Jan-17,4-Oct-16,6-Jun-15
"Esteli, Nicaragua","Managua, Nicaragua","Nueva Guinea, Nicaragua","Río Blanco, Nicaragua","Esteli, Nicaragua","Rurrenabaque, Bolivia","Cusco, Peru","Cusco, Peru","Cusco, Peru","Puerto Maldonado, Peru",4-May-19,5-May-18,20-Apr-17,25-Jun-16,5-May-15,19-Oct-19,24-Nov-18,20-Nov-17,24-Oct-16,4-Oct-15
"Puerto Jiménez, Costa Rica","Puerto Jiménez, Costa Rica","Limon, Costa Rica","Puerto Jiménez, Costa Rica","Puerto Jiménez, Costa Rica","Manta, Ecuador","Tumaco, Colombia","Tumaco, Colombia","Quito, Ecuador","Quito, Ecuador",19-May-19,16-Apr-18,15-Apr-17,5-Apr-16,7-Mar-15,25-Nov-19,6-Oct-18,29-Nov-17,11-Nov-16,18-Nov-15
"Monterrey, Mexico","Monterrey, Mexico","Monterrey, Mexico","Monterrey, Mexico","San Luis Potosí, Mexico","Medellín, Colombia","Rio Hato, Panama","Rio Hato, Panama","Medellín, Colombia","Las Tablas, Panama",9-Feb-19,19-Mar-18,8-Apr-17,13-May-16,17-Apr-15,15-Nov-19,18-Oct-18,13-Nov-17,6-Nov-16,15-Oct-15
"La Ceiba, Honduras","La Ceiba, Honduras","Wampusirpi, Honduras","Catacamas, Honduras","Mulukuku, Honduras","Medellín, Colombia","Cali, Colombia","Cali, Colombia","Bogota, Colombia","Cali, Colombia",13-Apr-19,7-May-18,8-May-17,15-Apr-16,12-Feb-15,16-Jan-19,18-Jan-18,4-Dec-17,19-Jan-16,8-Feb-15
"Colón, Colombia","Santa Marta, Colombia","Santa Marta, Colombia","Santa Marta, Colombia","Santa Marta, Colombia","Popayán, Colombia","Cali, Colombia","Popayán, Colombia","Bogota, Colombia","Florencia, Colombia",18-Jan-19,24-Jan-18,24-Jan-17,26-Jan-16,15-Dec-15,2-May-19,5-May-18,23-Apr-17,28-May-16,19-May-15
"Wampusirpi, Honduras","Comitán, Mexico","Villahermosa, Mexico","Villahermosa, Mexico","Villahermosa, Mexico","Manaus, Brazil","Manaus, Brazil","Manaus, Brazil","Esmeraldas, Ecuador","Mitú, Colombia",27-Feb-19,16-Feb-18,25-Feb-17,29-Jan-16,26-Feb-15,7-Jun-19,2-Jun-18,6-Jun-17,17-Jul-16,7-Jul-15
"Chetumal, Mexico","Valladolid, Mexico","Valladolid, Mexico","Valladolid, Mexico","Valladolid, Mexico","Jardim, Brazil","Jardim, Brazil","San Alfredo, Paraguay","La Victoria, Paraguay","Rio Claro, Brazil",21-Jan-19,13-Jan-18,18-Feb-17,8-Feb-16,5-Feb-15,4-May-19,5-May-18,11-Jun-17,14-Sep-16,9-May-15
"Coatzacoalcos, Mexico","Córdoba, Mexico","Belmopan, Belize","Chetumal, Mexico","Belize City, Belize","Rio de Janeiro, Brazil","Salvador, Brazil","La Paz, Bolivia","Cusco, Peru","Iquitos, Peru",20-Mar-19,6-Mar-18,28-Feb-17,14-Feb-16,15-Mar-15,30-Jun-19,23-Jul-18,15-Aug-17,10-Jul-16,8-Jul-15
"Tobago, Trinidad and Tobago","Toco, Trinidad and Tobago","Toco, Trinidad and Tobago","Tobago, Trinidad and Tobago ","Charlotteville, Trinidad and Tobago","São Paulo, Brazil","Curitiba, Brazil","Rio de Janeiro, Brazil","Rio de Janeiro, Brazil","Curitiba, Brazil",22-Feb-19,15-May-18,30-Mar-17,2-Jun-16,14-Mar-15,17-Oct-19,6-Oct-18,28-Oct-17,20-Nov-16,28-Nov-15
"Santa Marta, Colombia","Santa Marta, Colombia","Santa Marta, Colombia","Santa Marta, Colombia","Santa Marta, Colombia","Puerto Maldonado, Peru","Cusco, Peru","Cuiabá, Brazil","Rio Branco, Brazil","Porto Velho, Brazil",23-Jan-19,13-Jan-18,14-Mar-17,5-Mar-16,16-Jan-15,12-Sep-19,11-Sep-18,19-Sep-17,10-Aug-16,19-Aug-15
"Cienfuegos, Cuba","Camaguay, Cuba","Cienfuegos, Cuba","Cienfuegos, Cuba","Cayo Romano, Cuba ","Porto Alegre, Brazil","Porto Alegre, Brazil","Porto Alegre, Brazil","Porto Alegre, Brazil","Porto Alegre, Brazil",15-Sep-19,16-Sep-18,21-Oct-17,2-Nov-16,12-Nov-15,4-May-19,27-Apr-18,24-Jan-17,14-Feb-16,5-May-15
"Tapachula, Mexico","Tapachula, Mexico","Tapachula, Mexico","Tapachula, Mexico","Tapachula, Mexico","Bogota, Colombia","Bogota, Colombia","Bogota, Colombia","Bogota, Colombia","Bogota, Colombia",14-Mar-19,15-Mar-18,18-Apr-17,8-Mar-16,12-Feb-15,2-Jun-19,8-Jun-18,31-Aug-17,4-May-16,12-Jul-15
"Liberia, Costa Rica","Liberia, Costa Rica","Liberia, Costa Rica","Liberia, Costa Rica","Liberia, Costa Rica","Machala, Ecuador","Machala, Ecuador","Machala, Ecuador","Machala, Ecuador","Machala, Ecuador",21-Feb-19,22-Feb-18,20-Feb-17,3-Feb-16,9-Feb-15,21-Nov-19,27-Oct-18,9-Nov-17,26-Nov-16,28-Nov-15
"Córdoba, Mexico","Mérida, Mexico","Mérida, Mexico","Mérida, Mexico","Mérida, Mexico","Punto Arenas, Chile","Punto Arenas, Chile","Porvenir, Chile","Puerto Natales, Chile","Puerto Natales, Chile",6-Jun-19,10-Jun-18,5-Jul-17,26-Jul-16,1-Aug-15,27-Nov-19,22-Nov-18,7-Nov-17,4-Nov-16,21-Nov-15
"Santa Marta, Colombia","Santa Marta, Colombia","Santa Marta, Colombia","Santa Marta, Colombia","Santa Marta, Colombia","La Paz, Bolivia","Cochabamba, Bolivia","Cochabamba, Bolivia","Cochabamba, Bolivia","Cochabamba, Bolivia",12-Mar-19,7-Mar-18,16-Mar-17,16-Apr-16,4-Apr-15,24-Aug-19,18-Aug-18,28-Aug-17,7-Sep-16,10-Sep-15
"Moapa, Nevada, United States","Moapa, Nevada, United States","Motoqua, Utah, United States","St. George, Nevada, United States","St. George, Nevada, United States","Hermosillo, Mexico","Hermosillo, Mexico","Guaymas, Mexico","Valentine, Texas","Guaymas, Mexico",#######,8-Jan-18,3-Jan-17,#######,3-Jan-15,2-Apr-19,#######,2-Mar-17,#######,#######
"Medellín, Colombia","Medellín, Colombia","Medellín, Colombia","Medellín, Colombia","Medellín, Colombia","São José de Rio Claro, Brazil","São José de Rio Claro, Brazil","São José de Rio Claro, Brazil","São José de Rio Claro, Brazil","São José de Rio Claro, Brazil",#######,#######,#######,#######,#######,#######,#######,#######,9-Jun-16,#######
"San Cristobal, Cuba","San Cristobal, Cuba","San Cristobal, Cuba","San Cristobal, Cuba","San Cristobal, Cuba","Rio das Ostras, Brazil","Vitoria, Brazil","Serra, Brazil","Rio de Janeiro, Brazil","Serra, Brazil",5-Jan-19,#######,#######,7-Jan-16,#######,2-Sep-19,6-Oct-18,#######,#######,#######
"Medellín, Colombia","Medellín, Colombia","Medellín, Colombia","Medellín, Colombia","Medellín, Colombia","São José de Rio Claro, Brazil","São José de Rio Claro, Brazil","São José de Rio Claro, Brazil","São José de Rio Claro, Brazil","São José de Rio Claro, Brazil",#######,#######,#######,#######,#######,#######,#######,#######,9-Jun-16,#######
"Wassadougou, Senegal","Wassadougou, Senegal","Koforidua, Ghana","Tamale, Ghana","Serrekunda, The Gambia","Ciudad de la Paz, Equitorial New Guinea","Ciudad de la Paz, Equitorial New Guinea","Douala, Cameroon","Mbe, Republic of the Congo","Douala, Cameroon",#######,8-Jun-18,#######,#######,7-Apr-15,#######,#######,#######,#######,#######
"Tucson, Arizona","Tucson, Arizona","Rodeo, Arizona","Sierra Vista, Arizona","Yécora, Mexico","Oaxaca, Mexico","Oaxaca, Mexico","Oaxaca, Mexico","Salina Cruz, Mexico","Oaxaca, Mexico",#######,#######,4-Sep-17,#######,#######,#######,#######,#######,1-Apr-16,#######
"São Luís, Brazil","Sobral, Brazil","Parauapebas, Brazil","Fortaleza, Brazil","Aquiraz, Brazil","Necochea, Argentina","Necochea, Argentina","Tres Arroyos, Argentina","Tres Arroyos, Argentina","Necochea, Argentina",6-Oct-19,#######,#######,12-Jul-16,#######,1-Jan-19,#######,5-Jan-17,#######,#######
"Kamloops, Canada","Salmon Arm, Canada","Saskatoon, Canada","Salmon Arm, Canada","Salmon Arm, Canada","Oaxaca, Mexico","Oaxaca, Mexico","Oaxaca, Mexico","Oaxaca, Mexico","Oaxaca, Mexico",7-Jul-19,#######,4-Jun-17,#######,#######,#######,#######,#######,#######,#######
"Ziguinchor, Senegal","Serrekunda, The Gambia","Banjul, The Gambia","Serrekunda, The Gambia","Serrekunda, The Gambia","Knysna, South Africa","Plettenberg Bay, South Africa","Knysna, South Africa","Kynsna, South Africa","Knysna, South Africa",4-Jul-19,15-Jul-18,#######,#######,1-Jul-15,#######,#######,5-Jan-17,#######,2-Jan-15
"Liberia, Costa Rica","Liberia, Costa Rica","Liberia, Costa Rica","Liberia, Costa Rica","Catacamas, Honduras","Panama City, Panama","Yaviza, Panama","Timbiré, Ecuador","Timbiré, Ecuador","Buenaventura, Colombia",#######,#######,#######,#######,#######,#######,6-Oct-18,#######,#######,#######
"Fishhook, Alaska",Denali National Park and Preserve,Denali National Park and Preserve,"Keno City, Yukon",Denali National Park and Preserve,"Crestone, Colorado","Crestone, Colorado","Keystone, Colorado","San Juan National Forest, Colorado","Monarch, Colorado",#######,#######,#######,#######,8-Apr-15,1-Sep-19,#######,18-Jul-17,#######,#######
"Okaukuejo, Namibia","Uis, Namibia","Palmuag, Namibia","Mutare, Zimbabwe","Okaukuejo, Namibia","L'Agulhas, South Africa","Arniston, South Africa","L'Agulhas, South Africa","Overberg DC, South Africa","Swellendam, South Africa",15-Jul-19,7-Jul-18,11-Jul-17,8-Jul-16,#######,#######,#######,#######,#######,#######
"Kingaroy, Australia","Roma, Australia","Kingaroy, Australia","Kingaroy, Australia","Sunshine Coast, Australia","Southport, Tasmania","Southport, Tasmania","Southport, Tasmania","Southport, Tasmania","Southport, Tasmania",#######,#######,#######,#######,#######,7-Feb-19,#######,2-Apr-17,#######,#######
"Bocas del Toro Province, Panama","Bocas del Toro Province, Panama","Bocas del Toro Province, Panama","Bastimentos Island, Panama","Bastimentos island, Panama","Cali, Colombia","Buenaventura, Colombia","Buenaventura, Colombia","Buenaventura, Colombia","Buenaventura, Colombia",#######,#######,#######,#######,5-Apr-15,#######,#######,#######,#######,#######
"Malta, Montana","Malta, Montana","Malta, Montana","Brandon, Canada","Watford city, North Dakota","Miami, Florida","Miami, Florida","Miami, Florida","Fort Lauderdale, Florida","Everglades City, Florida",2-Jun-19,#######,#######,#######,#######,#######,#######,#######,#######,#######
"Cloverdale, Arizona","Sierra Vista, Arizona","Tucson, Arizona","Tucson, Arizona","Tucson, Arizona","Guatemala City, Guatemala","Guatemala City, Guatemala","Tegucigalpa, Honduras","San Salvador, El Salvador","Tegucigalpa, Honduras",#######,#######,#######,4-Jun-16,#######,8-Jan-19,#######,#######,#######,#######
"Gondar, Ethiopia","Bahir Dar, Ethiopia","Addis Ababa, Ethiopia","Gondar, Ethiopia","Addis Ababa, Ethiopia","Nyeri, Kenya","Karatu, Tanzania","Nyeri, Kenya","Nyeri, Kenya","Karatu, Tanzania",#######,1-Dec-18,3-Feb-17,5-Jan-16,#######,4-Apr-19,8-Apr-18,#######,#######,8-Apr-15
"Barraba, Australia","Gold Coast, Australia","Toowoomba, Australia","Toowoomba, Australia","Toowoomba, Australia","Albury, Australia","Albury, Australia","Griffith, Australia","Albury, Australia","Griffith, Australia",#######,#######,#######,#######,#######,#######,4-Aug-18,13-Jul-17,#######,#######
"Bahir Dar, Ethiopia","Ade, Ethiopia","Awassa, Ethiopia","Jimma, Ethiopia","Awassa, Ethiopia","Capetown, South Africa","Capetown, South Africa","Capetown, South Africa","Capetown, South Africa","Capetown, South Africa",9-Jun-19,8-Jul-18,#######,2-Jul-16,9-Aug-15,#######,#######,#######,#######,8-Feb-15
"Berlevag, Norway","Batsfjord, Norway","Berlevag, Norway","Batsfjord, Sweden","Batsfjord, Norway","Invercargill, New Zealand","Invercargill, New Zealand","Invercargill, New Zealand","Mosgiel, New Zealand","Mosgiel, New Zeland",#######,#######,6-Jun-17,#######,#######,#######,#######,#######,#######,#######
"Dakar, Senegal","Dakar, Senegal","Dakar, Senegal","Dakar, Senegal","Dakar, Senegal","Port St. Johns, South Africa","Port St. Johns, South Africa","Hluhluwe, South Africa","Hluhluwe, South Africa","Hluhluwe, South Africa",#######,#######,#######,#######,#######,8-Jun-19,#######,#######,20-Jul-16,26-Jul-15
"Barrow Island, Australia","Barrow Island, Australia","Tennant Creek, Australia","Mount Isa, Australia","Tennant Creek, Australia","Opalton, Australia","Alice Springs, Australia","Alice Springs, Australia","Alice Springs, Australia","Alice Springs, Australia",#######,#######,6-Aug-17,9-Jul-16,#######,#######,#######,#######,#######,#######
"Ambosta, Spain","Ambosta, Spain","Ambosta, Spain","Ambosta, Spain","Ambosta, Spain","El Jadida, Morocco","Rabat, Morocco","Casablanca, Morocco","Kenitra, Morocco","Kenitra, Morocco",#######,1-Apr-18,#######,#######,#######,#######,25-Jul-18,3-Jul-17,#######,#######
"Georgetown, Guyana","Apoteri, Guyana","Georgetown, Guyana","Guayana City, Venezuela","Barinas, Venezuela","Santa Cruz de la Sierra, Bolivia","Santa Cruz de la Sierra, Bolivia","La Paz, Bolivia","Puerto Maldonado, Peru","Ihla do Bananal, Brazil",1-Oct-19,#######,#######,#######,#######,#######,#######,#######,#######,#######
"Vitória da Conquista, Brazil","Vitória da Conquista, Brazil","Vitória da Conquista, Brazil","Vitória da Conquista, Brazil","Vitótia da Conquista, Brazil","Florianópolis, Brazil","Florianópolis, Brazil","Florianópolis, Brazil","Caaguazú, Paraguay","Foz do Iguacu, Brazil",4-Dec-19,2-Jan-18,#######,#######,#######,3-Aug-19,4-Aug-18,#######,#######,#######
"Baoshan, China","Baoshan, China","Baoshan, China","Baoshan, China","Baoshan, China","Chiang Mai, Thailand","Chiang Rai, Thailand","Chiang Rai, Thailand","Chiang Rai, Thailand","Chiang Mai, Thailand",#######,#######,#######,n/a,n/a,#######,9-Dec-18,#######,#######,#######
"Sandusky, Ohio","Leamington, Michigan","Hamilton, Ontario, Canada","Hamilton, Ontario, Canada","Hamilton, Ontario, Canada","Brownsville, Texas","Monterrey, Mexico","Monterrey, Mexico","Monterrey, Mexico","Brownsville, Texas",8-Sep-19,#######,#######,#######,#######,#######,#######,#######,#######,#######
"Birdsville, Australia","Newcastle Waters, Australia","Lake Argyle, Australia","Alice Springs, Australia","Alice Springs, Australia","Naracoorte, Australia","Naracoorte, Australia","Southend, Australia","Robe, Australia","Millicent, Australia",1-Aug-19,29-Jul-18,10-Jul-17,#######,#######,#######,#######,1-Apr-17,#######,#######
"New Delhi, India","Gurugram, India","New Delhi, India","Gurugram, India","Gurugram, India","Banyuwangi, Indonesia","Bali, Indonesia","Bali, Indonesia","Denpasar, Indonesia","Bali, Indonesia",#######,#######,#######,#######,#######,#######,#######,#######,#######,#######
"Dakar, Senegal","Dakar, Senegal","Dakar, Senegal","Dakar, Senegal","Dakar, Senegal","Mwatate, Kenya","Mwatate, Kenya","Mwatate, Kenya","Mwatate, Kenya","Mwatate, Kenya",#######,#######,#######,3-Mar-16,#######,#######,19-Jul-18,#######,#######,#######
