"Roper Gulf, Australia (Limmen Bight National Park)"
"Southeast Fairbanks, Alaska (near Tanana Valley State Forest)"
"Risha, Jordan (near border of Jordan and Syria)"
"Gang Ranch, Cariboo, Canada"
"Martin, North Carolina (on Roanoke River, east of Raleigh,NC)"
"Glasgow, Montana"
"San Pedro de la Sierra, Magdalena, Columbia"
"Kanuti Lake, Yukon-Koyukuk, Alaska"
"Salmon Arm, Coumbia-Shuswap, British Columbia, Canada"
"Cariboo, British Columbia, Canada"
"St. Paul, Alberta, Canada"
"Karakelong Island, Indonesia"
"Karakelong Island, Indonesia"
"Mount Peter Hawk Watch, Orange, New York"
"Zhangjiaying, China"
"Poor Knights Islands, Whangarei District, New Zealand"
"Peter Haven, Garove Island, Papua New Guinea"
"Malagufuk, Papua Barat, Indonesia (northeast of Sorong)"
"Barrow Island, Australia"
"Bylot, Baffin, Nunavut, Canada (north of Sirmilik National Park)"
"Tumbling Waters, Litchfield, Australia"
"Penguin Island, Rockingham, Australia"
"Shasta, California (southwest of Redding)"
"Pine Creek, Australia (east of Nitmiluk National Park)"
"Durack River, Wyndham East Kimberley, Australia (southeast of Drysdale River National Park and west of Parry Lagoons Nature Reserve"
"Kaeo, New Zealand"
"Lautamaa, Finland"
"north of Kudat, Malaysia"
"Boat Mountain Nature Reserve, australia"
"North of Ngukurr, australia"
"Barcelona, Spain"
"Barcelona, Spain"
"Kahurangi National Park, New Zealand"
"Lake Louise, Alaska"
"Etosha National Park, Namibia"
"Shasta, California (southwest of Redding)"
"Nenana, Yukon-Koyukuk, Alaska"
"Dulecha, Ethiopa"
"Frederick Sound, Wrangell-Petersburg, Alaska (west of Kake)"
"Ester, Alaska"
"just south of Cuauhtémoc de Tierra Blanca, Mexico"
"Etosha National Park, Namibia"
"Torsvåg, Norway"
"north of Dimona, Israel"
"North Yorkshire, England"
"Iron Range National Park, Cook, Australia"
"Iron Range National Park, Cook, Australia"
"Yanta District, China"
"Røstlandet, Norway"
"Pueblo Nuevo de La Sierra, Venezuela"
"Reserva de la Biosfera El Truinfo, Mexico"
"Congress, Yavapai, Arizona"
"Lloydminster, Saskatchewan, Canada (By Bousquet Lake, southwest of Goodsoil)"
"Brandberg White Lady Lodge, Namibia (east of Brandberg West Mine)"
"Asmara, Eritrea"
"Pulau Mantanani Besar, Malaysia"
"Congress, Yavapai, Arizona"
"Beechey Island, Baffin, Nunavut, Canada"
"Northern Rockies, British Columbia, Canada"
"Waipapa Forest edge, Otorohanga District, New Zealand"
"Cook, Australia"
"El Nido, Philippines"
"Just south of Dalian Xijiao National Forest Park, China"
"Karibib, Namibia"
"Östersund, Sweden"
"Smithton, Tasmania, Australia"
"Papua Barat, Indonesia"
"Southwest of Oombulgurri, Southeast of Drysdale River National Park, Australia"
"Obo, Papua New Guinea (north of Erambo, south of Aiambak)"
"Raahe, Finland"
"Mboro, Senegal (north of Thies)"
"Mboro, Senegal (north of Thies)"
"Tiritiri Matangi, Rodney District, New Zealand"
"Da Nang, Vietnam"
"West Midlands, Great Britain - England"
"Mutianyu Great Wall, China"
"Zona Reservada Illescas, Piura, Peru"
"Qing Dao, Zhongshan Park, China"
"Tanjong Putus Papua Barat, Indonesia"
"Crowne Plaza, Port Moresby, Papua New Guinea"
"Tiritiri Matangi, Rodney District, New Zealand"
"San Luis Potosi (21.221,-98.815), Mexico"
"Mclaren Falls Park, Western Bay of Plenty District, New Zealand"
"Ulong Island, Palau"
"Merluna Station, Cook, Queensland, Australia"
"Kari Raja Islands, Papua Barat, Indonesia"
"Bogani Nani Wartabone--Malibagu Road, Sulawesi Utara, Indonesia"
"Buffalo Creek, Roper Highwy Elsey (-15.0039, 133.2803), Roper Gulf, Northern Territory, Australia"
"Normanton-Floraville Rd, Bynoe River crossing, Carpentaria, Queensland, Australia"
"Ohope Scenic Reserve, Whakatane District, New Zealand"
"Laoag Bypass Road - Padsan River, Laoag City, Phillipines"
"Heaphy Track, Kahurangi National Park, Tasman district, New Zealand"
"Seaview Mountain Retreat (Turkey Beach) Gladstone, Queensland, Australia"
"Hornborgasjön--Hångers udde, Sweden"
"Palmar-Rio Grande, Bolivar, Venezuela"
"Parque Nacional do Itatiaia--area geral, Rio de Janeiro, Brazil"
"Parque Nacional da Serrra do Gandarela (-20.1701,-43.7858), Minas Gerais, Brazil"
"Georgetown Botanical Gardens, Georgetown, Guyana"
"Yabello--Elephant Rock, Oromia, Ethiopia"
"Baruipur Marches, South 24 Parganas, West Bengal, India"
"Porvoo--Heinajarvi, Finland"
"Lupi Hyllykallio, Seinajoki, Finland"
"Altinkum Plaji, Cyprus"
"Kfar Ruppin fishponds, Israel"
"Rield Recreation Park, Edmonton, Alberta, Canada"
"Payogasta, Cachi, Argentina"
"Carlton Park Community Club, Prince Albert, Saskatchewan, Canada"
"Edison BBS Rte--start, El Paso County, Colorado, United states"
"Ein Al-Auja, Israel"
"Istituto Nacional Mata Atlantica, Stana Teresa, Brazil"
"Laoag City, Phillipines"
"Kakadu National Park--South Aligator boatramp, West Arnhem, Northern Territory, AU"
"Helena Bay, Whangarei District, NZ-NTL"
"Sembiki Rd, Jikotomo, Maluku Utara, Obi Island, Indonesia"
"Papua Paradise Eco Resort, Papua, Barat, Indonesia"
"Papua Paradise Eco Resort, Papua, Barat, Indonesia"
"Edmonton, Alberta, Canada"
"Fort Simpson, Northwest Territories, Canada"
"La Crosse, Wisconsin, USA"
"La Ceiba, Honduras"
"Placencia, Belize"
"Jaco, Costa Rica"
"Esteli, Nicaragua"
"Puerto Jiménez, Costa Rica"
"Monterrey, Mexico"
"La Ceiba, Honduras"
"Colón, Colombia"
"Wampusirpi, Honduras"
"Chetumal, Mexico"
"Coatzacoalcos, Mexico"
"Tobago, Trinidad and Tobago"
"Santa Marta, Colombia"
"Cienfuegos, Cuba"
"Tapachula, Mexico"
"Liberia, Costa Rica"
"Córdoba, Mexico"
"Santa Marta, Colombia"
"Moapa, Nevada, United States"
"Medellín, Colombia"
"San Cristobal, Cuba"
"Medellín, Colombia"
"Wassadougou, Senegal"
"Tucson, Arizona"
"São Luís, Brazil"
"Kamloops, Canada"
"Ziguinchor, Senegal"
"Liberia, Costa Rica"
"Fishhook, Alaska"
"Okaukuejo, Namibia"
"Kingaroy, Australia"
"Bocas del Toro Province, Panama"
"Malta, Montana"
"Cloverdale, Arizona"
"Gondar, Ethiopia"
"Barraba, Australia"
"Bahir Dar, Ethiopia"
"Berlevag, Norway"
"Dakar, Senegal"
"Barrow Island, Australia"
"Ambosta, Spain"
"Georgetown, Guyana"
"Vitória da Conquista, Brazil"
"Baoshan, China"
"Sandusky, Ohio"
"Birdsville, Australia"
"New Delhi, India"
"Dakar, Senegal"
"Northeast Top End, Australia (Anniversary Creek near Litchfield National Park)"
"Coot Lake, Yukon, Canada"
"Bou-Hedma National Park, Tunisia"
"Squamish-Lillooet, Canada (north of Stein Valley Nlaka'pamux Heritage park)"
"Carson Wetland, Prince George, Virginia (south of Richmond and west of Norfolk)"
"Cascade, Montana (Southwest of Great Falls, MT)"
"Carrisillar, Venezuela (southwest of Parque Nacional Yurubí; in the mountains)"
"Tolsona Wilderness, Valdez-Cordova, Alaska"
"Salmon Arm, Coumbia-Shuswap, British Columbia, Canada"
"Cariboo, British Columbia, Canada"
"Valemount, British Columbia, Canada (George Hicks Regional Park)"
"Gunung Sahengbalira, Sulawesi Utara, Sangihe Island, Indonesia"
"Maluku Utara, Indonesia (Southwest of Halmahera)"
"Mifflin, Pennsylvania"
"Kabanskiy Zakaznik, Russia"
"Poor Knights Islands, Whangarei District, New Zealand"
"Kimbe Bay, Malumalu Island, Papua New Guinea"
"Sorong, Papua Barat, Indonesia"
"Barkly, Australia (north of Tennant Creek, south of Warumungu)"
"Pond Inlet (town), Baffin, Nunavut, Canada"
"Marrakai, Australia (south of Djukbinj National Park)"
"Point Peron, Rockingham, Australia"
"Picket Wire Canyon, Otero, Colorado (Comanche National Grassland)"
"Roper Gulf, Australia (south of nitmiluk National Park)"
"Wyndham Wharf, Wyndham-East Kimberley, Australia"
"Waipoua Forest, New Zealand (southeast of Waimamaku)"
"north of Törmänen, south of Koppelo, Finland"
"Poring Hot Springs, Malaysia (east of Mount Kinabalu)"
"Lake Barambah, South Burnett, Australia (right by Wondai State Forest)"
"Southeast of Timber Creek, Australia"
"Civitavechia, Italy"
"Civitavechia, Italy"
"southwest of Otinra, New Zealand"
"Lake Louise, Alaska"
"Etosha National Park, Namibia"
"Colusa, California"
"Pleasant Valley, Alaska"
"Dulecha, Ethiopa"
"Kodiak Island, Alaska"
"just east of Fairbanks, Alaska"
"Bajadas Grandes, Mexico"
"Etosha National Park, Namibia"
"Hamnøy, Norway"
"Tlalim, Israel"
"Burnhope Resevoir, Durham, England"
"Aore Island, Vanuatu"
"Aore Island, Vanuatu"
"Shaanxi Chichuashan National Geopark, China"
"Karungi, Sweden"
"Punta Róbalo, Panama"
"Chiapas, Mexico"
"Anthony Municipal Lake, Harper, Kansas"
"Fort McMurray, Alberta, Canada (north of Kinosis, east of Cheecham)"
"Windhoek, Namibia"
"Gondar, Ethiopia"
"Mount Tagubud, New Bataan, Philippines"
"Date Creek Ranch Yavapai, Arizona"
"Etah, Greenland"
"Fort Nelson, British Columbia, Canada"
"Mangatutu Forest, New Zealand"
"Lake Elphinstone, Isaac, Australia"
"Ko Nang Yuan, Nang Yuan Island, Thailand"
"Kuaile Dao, China  (Southeast of Tangshan)"
"Lubango, Angola"
"Patsola, Finland"
"Smithton, Tasmania, Australia"
"Manokwari, Indonesia"
"Victoria-Daly, Australia (east of Timber Creek)"
"Saibai Island, Australia"
"Utö, Finland (Southwest of Skärgårdshavets National Park)"
"Gamadji Saré, Senegal"
"Gamadji Saré, Senegal"
"Tawharanui Regional Park, Rodney District, New Zealand"
"Nan, Thailand"
"Hertfordshire, Great Britain - England"
"Goushicao, Xiaolongmen, Beijing,China"
"Zona Reservada Illescas, Piura, Peru"
"China Agricultural Museum, Maizidian Subdistrict, Beijing, China"
"Sidangoli, Maluku Utara, Indonesia"
"Lake Hebema, Pondok Tiga, Papua, Indonesia"
"Taranga Island, Dragon Mouth Cove, Whangarei District, New Zealand"
"Sotano de Las Golondrinas, Mexico"
"Pouto--Lake Rototuna, Kaipara District, New Zealand"
"Ulong Island, Palau"
"Bamaga, Northern Peninsula Area, Queensland, Australia"
"Makbon Road, Papua Barat, Indonesia"
"Wisma Toraut, Bogani Nani Wartabone National Park, Sulawesi Utara, Indonesia"
"Menggitimbe, Nusa Tenggara Timur, Indonesia"
"Parry Lagoons Nature Reserve--Marglu Billabong, Wyndham-East Kimberley, Western Australia, Australia"
"Collingwood Estuary, Tasman District, New Zealand"
"Mt. Iraya, Basco, Batanes, Phillipines"
"61 Celia Street, Stratford, Taranaki, New Zealand"
"Cania Gorge Tourist Retreat, North Burnett, Queensland, AU"
"Hornborgasjön--Naturum, Sweden"
"Reserva Forestal del Caura--Las Trincheras, Venezuela"
"Hotel Fazenda Monte Verde Golf & Resort, Vargem Alta -ES, Brazil"
"Estrada Parque Nacional doCaparao (-20.41,-41.837), Minas Gerais, Brazil"
"Warmuri Trail, Kukama, Guyana"
"Turmi (general area), Ethiopia"
"Deobali Jalah (26.247,92.604), Nagaon, India"
"Salo, Halikonlahti area, Finland"
"Tuusniemi, Koivulahti, Finland"
"Mobarakiyeh, Iran"
"Mosul Lake--dam outlet, Iraq"
"Grand Prairie, Alberta, Canada"
"Salta rafting (-25.293,-65.272), La Vina, Argentina"
"Brule Lake campsite, Cook, Minnesota, United States"
"Miami-Yoder School, Rush, Colorado"
"Ma'ale Efraim (32.081, 35.38), Israel"
"Jequie, Brazil"
"Mt. Iraya, Basco, Phillipines"
"Kulu River, Papua New Guinea"
"Omaha Bay Vineyard, Rodney District, Aukland, NZ"
"Cagar Alam Panua, Gorontalo, Indonesia"
"Pulau Wayag, Wajag Island, Papua Barat, Indonesia"
"Waigeo- General Island, Papua Barat, Indonesia"
"Prince Albert, Saskatchewan, Canada"
"Fort Nelson, Canada"
"Midland, Michigan, USA"
"La Ceiba, Honduras"
"Trio, Belize"
"Jaco, Costa Rica"
"Managua, Nicaragua"
"Puerto Jiménez, Costa Rica"
"Monterrey, Mexico"
"La Ceiba, Honduras"
"Santa Marta, Colombia"
"Comitán, Mexico"
"Valladolid, Mexico"
"Córdoba, Mexico"
"Toco, Trinidad and Tobago"
"Santa Marta, Colombia"
"Camaguay, Cuba"
"Tapachula, Mexico"
"Liberia, Costa Rica"
"Mérida, Mexico"
"Santa Marta, Colombia"
"Moapa, Nevada, United States"
"Medellín, Colombia"
"San Cristobal, Cuba"
"Medellín, Colombia"
"Wassadougou, Senegal"
"Tucson, Arizona"
"Sobral, Brazil"
"Salmon Arm, Canada"
"Serrekunda, The Gambia"
"Liberia, Costa Rica"
Denali National Park and Preserve
"Uis, Namibia"
"Roma, Australia"
"Bocas del Toro Province, Panama"
"Malta, Montana"
"Sierra Vista, Arizona"
"Bahir Dar, Ethiopia"
"Gold Coast, Australia"
"Ade, Ethiopia"
"Batsfjord, Norway"
"Dakar, Senegal"
"Barrow Island, Australia"
"Ambosta, Spain"
"Apoteri, Guyana"
"Vitória da Conquista, Brazil"
"Baoshan, China"
"Leamington, Michigan"
"Newcastle Waters, Australia"
"Gurugram, India"
"Dakar, Senegal"
"West Arnham, Australia "
"Healy Lake, Southeast Fairbanks, Alaska"
"Kef El Doukhan ou Oued M'Zab, Algeria (near Ghardaia)"
"Squamish-Lillooet, Canada (north of Stein Valley Nlaka'pamux Heritage park)"
"Carson Wetland, Prince George, Virginia (south of Richmond and west of Norfolk)"
"Cascade, Montana (Southwest of Great Falls, MT)"
"Parque Nacional Macarao, Venezuela (West of Caracas)"
"Yukon, Canada (North of Kluane National Park and Reserve)"
"Salmon Arm, Coumbia-Shuswap, British Columbia, Canada"
"Thompson-Nicola, British Columbia, Canada"
"Rumsey Natural Area, Drumheller, Alberta, Canada"
"Gunung Sahengbalira, Sulawesi Utara, Sangihe Island, Indonesia"
"Tangkoko Batuangus, Sulawesi Utara, Indonesia (north of Bitung)"
"Lancaster, Pennsylvania"
"Muravyevka, Russia"
"Lady Alice Island, New Zealand"
"Kimbe Bay, Malumalu Island, Papua New Guinea"
"Nimbokrang, Indonesia (west of Jayapura)"
"Barrow Island, Australia"
"Bylot Island, Baffin, Nunavut, Canada (south of Sirmilik National Park)"
"Nitmiluk, Australia"
"Penguin Island, Rockingham, Australia"
"Shasta, California (southwest of Redding)"
"Mt. Tod Mine, Roper Gulf, Australia (west of Nitmiluk National Park)"
"Miniyeri, Australia"
"Matapouri Bay, New Zealand (east of Matapo)"
"Riekintie, Finland (north of Maikku, southwest of Natsional'nyy Park Paanayarvi)"
"Sandakan, Malaysia"
"East of Bandana State Forest, west of Presho Forest Reserve, Australia"
"Southeast of Timber Creek, Australia"
"Barcelona, Spain"
"Barcelona, Spain"
"Arthur's Pass National Park, New Zealand"
"Cordova, Alaska"
"Etosha National Park, Namibia"
"Shasta, California (southwest of Redding)"
"Denali National Park, Alaska"
"Aledeghi Wildlife Reserve, Ethiopia"
"Unalaska Island, Alaska"
"west of Susitna North, Alaska"
"San Francisco, Guatemala"
"Hwange National Park, Zimbabwe"
"Ólafsfjarðarvatn, Iceland"
"Yeruham Lake, Israel"
"Middleton-in Teesdale, Durham, England"
"Cook, Australia"
"Cook, Australia"
"Tangjiahe, China"
"Tyrnävä, Finland"
"Peñas Blancas, Costa Rica"
"Reserva de la Biosfera El Triunfo, Mexico"
"Socorro, New Mexico"
"Beaver Crossing, Alberta, Canada"
"Grosse Spitzkoppe Nature Reserve, Namibia"
"Bahir Dar, Ethiopia"
"Tuba, Mount Santo Tomas, Philippines"
"Date Creek Ranch Yavapai, Arizona"
"Arctic Bay, Baffin, Nunavut, Canada"
"Fort Nelson, British Columbia, Canada"
"just south of Wharepapa South, New Zealand"
"Forever Wild Shared Earth Reserve, Tablelands, Australia"
"Koh Pad, Similan Islands, Thailand"
"Eocheong Island, South Korea"
"Mt. Tsetserra, Mozambique"
"north of Åsen, Norway"
"Wynward, Tasmania, Australia"
"Manokwari, Indonesia"
"McLeods Dam, Victoria-Daly, Australia (East of Timber Creek)"
"Obo, Papua New Guinea (north of Erambo, south of Aiambak)"
"Utö, Finland (Southwest of Skärgårdshavets National Park)"
"Centre Faragu, Senegal (north of Fathala Wildlife Reserve)"
"Centre Faragu, Senegal (north of Fathala Wildlife Reserve)"
"Tawharanui Regional Park, Rodney District, New Zealand"
"Ninh Bin, Vietnam"
"London, Great Britain - England"
"Ritan Park, Beijing, China"
"Isla Pescadores, Lima District, Peru"
"Zhonghsan Park, Tiananmen, Beijing, China"
"North Maluku, Jalan Sofifi - Dodinga (0.8091, 127.6838), Indonesia"
"New Mapoon sweage ponds, Norther Peninsula Area, Queensland, Australia"
"Tiritiri Matangi, Wattle Track, Rodney District, New Zealand"
"Sendero la Campana, Hildago,Mexico"
"Mangere Wastewaster Treatment Plant, Manukau City, New Zealand"
"Lighthouse, South Andaman, Andaman and Nicobar Islands"
"Bamaga, Northern Peninsula Area, Queensland, Australia"
"Waigeo (-0.3031,130.9206), Papua Barat, Indonesia"
"Wisma Toraut, Bogani Nani Wartabone National Park, Sulawesi Utara, Indonesia"
"Bandar Udara Umbu Mehang Kunda, Nusa Tenggara Timur, Indonesia"
"Parry Lagoons Nature Reserve--Marglu Billabong, Wyndham-East Kimberley, Western Australia, Australia"
"Opotiki--Hikuwai Beach, Opotiki District, New Zealand"
"Mt. Iraya, Basco, Batanes, Phillipines"
"Te Araroa Trail, Pureora Forest Park, Ruapehu District, NZ"
"Seventeen Seventy, Gladstone, Queensland, AU"
"Frövisjön - Plattformen, Sweden"
"Transit 4 Aurora (6.7527, -59.7283), Cuyuni,Mazaruni, Guyana"
"Mata do Caetes, Espirito Santo, Brazil"
"Cachoeira do Cerradao, Minas Gerais, Brazil"
"Mahaicony River, Mahaicony, Guyana"
"Kidepo Valley National Park, Uganda"
"Manas National Park-- Bhuyanpara (Eastern Range), Baksa, India"
"Jokiniemen Kissahoitola,Tyrnava, Finland"
"Sundom, Sweden"
"Fakhrabad, Iran"
"Tal Or, Israel"
"Rang Road 233, Edmonton, Alberta, Canada"
"Cabra Coral, La Vina, Argentina"
"Bear Head Lake, St. Louis, Minnesota, United states"
"Wild Horse, Cheyenne County, Colorado, United States"
"Ma'ale Efraim, Israel"
"Parque Nacional de Boa Nova, Brazil"
"Mt. Iraya, Basco, Phillipines"
"(-12.5009,136.2708), East Arnhem, Northern territory, AU"
"Cape Reinga (-34.4287,172.6794), Far North District, NZ-NTL"
"Pulisan Resrot, Pulisan, North Sulawesi, Indonesia"
"Gereja solavide Warimark, Waigeo, Papua Barat, Indonesia"
"Kamtabai Homestay, Waigeo, Papua Barat, Indonesia"
"Edmonton, Alberta, Canada"
"Fort Smith, Canada"
"Killington, Vermont, USA"
"La Ceiba, Honduras"
"Trio, Belize"
"Jaco, Costa Rica"
"Nueva Guinea, Nicaragua"
"Limon, Costa Rica"
"Monterrey, Mexico"
"Wampusirpi, Honduras"
"Santa Marta, Colombia"
"Villahermosa, Mexico"
"Valladolid, Mexico"
"Belmopan, Belize"
"Toco, Trinidad and Tobago"
"Santa Marta, Colombia"
"Cienfuegos, Cuba"
"Tapachula, Mexico"
"Liberia, Costa Rica"
"Mérida, Mexico"
"Santa Marta, Colombia"
"Motoqua, Utah, United States"
"Medellín, Colombia"
"San Cristobal, Cuba"
"Medellín, Colombia"
"Koforidua, Ghana"
"Rodeo, Arizona"
"Parauapebas, Brazil"
"Saskatoon, Canada"
"Banjul, The Gambia"
"Liberia, Costa Rica"
Denali National Park and Preserve
"Palmuag, Namibia"
"Kingaroy, Australia"
"Bocas del Toro Province, Panama"
"Malta, Montana"
"Tucson, Arizona"
"Addis Ababa, Ethiopia"
"Toowoomba, Australia"
"Awassa, Ethiopia"
"Berlevag, Norway"
"Dakar, Senegal"
"Tennant Creek, Australia"
"Ambosta, Spain"
"Georgetown, Guyana"
"Vitória da Conquista, Brazil"
"Baoshan, China"
"Hamilton, Ontario, Canada"
"Lake Argyle, Australia"
"New Delhi, India"
"Dakar, Senegal"
"Barkley, Australia (near Lakewoods Conservation Covenant)"
"Valdez-Cordova, Alaska (Kenny Lake, near Wrangell-St. Elias National Park and Reserve)"
"Lagune de Ghlissia, Tunisia (near Chott el Djerid)"
"Thompson-Nicola, Canada (east of Stein Valley Nlaka'pamux Heritage park)"
"Carson Wetland, Prince George, Virginia (south of Richmond and west of Norfolk)"
"Medicine Lake, Sheridan, Montana ( Northeastern Montana, near Fort Peck Indian Reservation)"
"Parque Nacional Macarao, Venezuela (West of Caracas)"
"Healy Lake, Southeast Fairbanks, Alaska"
"Little Shuswap Lake Home, Columbia-Shuswap, British Columbia, Canada (northeast of Kamloops)"
"Cariboo, British Columbia, Canada"
"Prince Albert, Saskatchewan, Canada"
"Tangkoko Batuangus National Park, Sulawesi Utara, Soloman Islands, Indonesia"
"Weda Forest, Maluku Utara, Indonesia"
"Putnam, New York"
"Muravyevka, Russia"
"Lady Alice Island, New Zealand"
"Howae Island, Manus Islands, Papua New Guinea"
"Nimbokrang, Indonesia (west of Jayapura)"
"Barrow Island, Australia"
"Bylot Island, Black Mountains, Baffin, Nunavut, Canada"
"Marrakai, Australia (south of Djukbinj National Park)"
"Montague Island Nature Conservation Reserve, Eurobodalla, Australia"
"Otero, Colorado (north of Comanche National Grassland)"
"Nitmiluk, Australia"
"North of Lake Argyle, South of Kununurra and southeast of Parry Lagoons Nature Reserve, Wyndham-East Kimberley, Australia"
"Kensington, New Zealand"
"Rödkallen, Sweden (southeast of Germandön)"
"Merrimas Villa Resort, Simpang Mengayau, Malaysia"
"Wooroolin Wetlands, South Burnett, Australia"
"Limestone Gorge Gregory National Park, Australia"
"Barcelona, Spain"
"Barcelona, Spain"
"Otira Valley, New Zealand"
"Kenai Fjords National Park, Alaska"
"Etosha National Park, Namibia"
"Shasta, California (southwest of Redding)"
"Denali National Park, Alaska"
"Aledeghi Wildlife Reserve, Ethiopia"
"Middleton Island, Alaska"
"north of Fairbanks, Alaska"
"Carmelita, Belize"
"Etosha National Park, Namibia"
"south of Hofn, Iceland"
"Shivta, Israel"
"Lincolnshire, England"
"Iron Range National Park, Cook, Australia"
"Iron Range National Park, Cook, Australia"
"Changqing Reserve, China"
"Bälinge, Sweden"
"Canoabo, Venezuela"
"Reserva de la Biosfera El Triunfo, Mexico"
"Socorro, New Mexico"
"Fawcett Lake, Alberta, Canada"
"Grosse Spitzkoppe Nature Reserve, Namibia"
"Lalibela, Ethiopia"
"Maratua Island, Indonesia"
"Henrietta, Texas"
"Resolute, Baffin, Nunavut, Canada"
"Fort Nelson, British Columbia, Canada"
"Okahukura, New Zealand"
"Cook, Australia"
"Mu Ko Surin National Park, Thailand"
"Beijing Botanical Garden, Beijing, China"
"Lubango, Angola"
"near Mäntyluoto, Finland"
"Wynward Shoreline, Waratah/Wynyard, Tasmania, Australia"
"Afrak Mountains, Indonesia"
"Mungalalu Truscott Air Base, Wyndham-East Kimberley, Australia (near Mary Island/ Kalumburu)"
"Obo, Papua New Guinea (north of Erambo, south of Aiambak)"
"Kolka, Latvia"
"Toubab Dialao, Senegal"
"Toubab Dialao, Senegal"
"Tawharanui Regional Park, Rodney District, New Zealand"
"Nakhon Sawan, Thailand"
"London, Great Britain - England"
"Gubei creekbed near xinchengzi, China"
"Zona Reservada Illescas, Piura, Peru"
"Temple of Heaven, Beijing, China"
"Jl. Trans Halmahera Hwy, (1.013575, 127.951813), Maluku Utara, Indonesia"
"Saibai Island, Torres Strait Island, Queensland, Australia"
"Red Mercury Island, Thames-Cormandel District, New Zealand"
"Cacalotepec, Puebla, Mexico"
"Far North-- Lake Waiporohita, Far North District, New Zealand"
"Great Nicobar Biosphere reserve, Nicobar, Andaman and Nicobar Islands"
"Weipa, Queensland, Australia"
"Nudibranch Homestay, Papua Barat, Indonesia"
"Wisma Toraut, Bogani Nani Wartabone National Park, Sulawesi Utara, Indonesia"
"Brown River/ Vanapa River Lowlands, Papua New Guinea"
"Kennedy Creek, Tablelands Highway, Barkly, Northern Territory, Australia"
"Kawakawa Bay, Manukau City, Auckland, New Zealand"
"Vayang Rolling Hils, Basco, Batanes, Phillipines"
"Whirinaki Forest Park, Whakatane District, New Zealand"
"Cania Gorge National Park, North Burnett, Queenland, AU  (24.7241,150.9939)"
"Hwy 3, Mackenzie River crossing, Northwest Territories, Canada"
"Waini River base camp (8.1807,-59.4776), Guyana"
"Reserva Mata do Passarinho, Bandeira, Brazil"
"Casca D'Anta waterfall Parque Nacional da Serra da Canastra, Sao Roque de Minas, Brazil"
"Roraima (2.859, - 60.631), Boa Vista, Brazil"
"Kidepo Valley National Park, Uganda"
"Maulana Azad Rd, Nagaon, India"
"Landsbergaslatten, Uppsala Ian, Sweden"
"Nokkala, Finland"
"Estagfirullah, Turkey"
"Arikhiya Farm, Qatar"
"Riviere Qui Barre, Edmonton, Alberta, Canada"
"Campo Kilampa-Tala Canada, Pocho, Argentina"
"28 Lakeview Dr, Terrace Bay, Ontario, Canada"
"Ellicott, El Paso County, Colorado, United States"
"Ma'ale Adumim, Israel"
"Pedra de Tres Pontoes, Brazil"
"Vaayang Rolling Hills, Basco, Phillipines"
"Sorong Airport, Papua Barat, Indonesia"
"Parua Bay, Whangarei District, NZ-NTL"
"Tangkoko Batuangus National Park, Sulawesi Utara, Indonesia"
"Nimbokrang--forest near village, Papua, Indonesia"
"Tabbubbil-Kiunga Rd, Western Province, Papua New Guinea"
"Edmonton, Alberta, Canada"
"Toad River, Canada"
"Manchester, New Hampshire, USA"
"Liberia, Costa Rica"
"Trio, Belize"
"Jaco, Costa Rica"
"Río Blanco, Nicaragua"
"Puerto Jiménez, Costa Rica"
"Monterrey, Mexico"
"Catacamas, Honduras"
"Santa Marta, Colombia"
"Villahermosa, Mexico"
"Valladolid, Mexico"
"Chetumal, Mexico"
"Tobago, Trinidad and Tobago "
"Santa Marta, Colombia"
"Cienfuegos, Cuba"
"Tapachula, Mexico"
"Liberia, Costa Rica"
"Mérida, Mexico"
"Santa Marta, Colombia"
"St. George, Nevada, United States"
"Medellín, Colombia"
"San Cristobal, Cuba"
"Medellín, Colombia"
"Tamale, Ghana"
"Sierra Vista, Arizona"
"Fortaleza, Brazil"
"Salmon Arm, Canada"
"Serrekunda, The Gambia"
"Liberia, Costa Rica"
"Keno City, Yukon"
"Mutare, Zimbabwe"
"Kingaroy, Australia"
"Bastimentos Island, Panama"
"Brandon, Canada"
"Tucson, Arizona"
"Gondar, Ethiopia"
"Toowoomba, Australia"
"Jimma, Ethiopia"
"Batsfjord, Sweden"
"Dakar, Senegal"
"Mount Isa, Australia"
"Ambosta, Spain"
"Guayana City, Venezuela"
"Vitória da Conquista, Brazil"
"Baoshan, China"
"Hamilton, Ontario, Canada"
"Alice Springs, Australia"
"Gurugram, India"
"Dakar, Senegal"
"West Arnham, Australia (Kakadu National Park)"
"Southeast Fairbanks, Alaska"
"Tisserdmine, Morrocco"
"Edge Hill Provincial Park, Thompson-Nicola, Canada"
"Holy Shelter Game Land, Pender, North Carolina"
"Valley, Montana (just north of Glasgow, MT)"
"El Junquito, Venezuela (west of Caracas)"
"Shageluk, Yukon, Alaska"
"Salmon Arm, Coumbia-Shuswap, British Columbia, Canada"
"Dog Creek, Cariboo, British Columbia, Canada"
"Kenora, Ontario, Canada"
"Sulawesi Utara, Sangihe Island, Indonesia (near Mount Awu)"
"Tangkoko Batuangus, Sulawesi Utara, Indonesia"
"Putnam, New York"
"Muravyevka, Russia"
"Little Barrier Island, Auckland City, New Zealand"
"Mount Rairaka, Bougainville Island, Papua New Guinea"
"Nimbokrang, Indonesia (west of Jayapura)"
"Barkly, Australia (north of Tennant Creek, south of Warumungu)"
"Bylot Island, Baffin, Nunavut, Canada"
"Marrakai, Australia (south of Djukbinj National Park)"
"Penguin Island, Rockingham, Australia"
"Bent, Colorado (south of La Junta)"
"Marrakai, Australia (south of Djukbinj National Park)"
"Parry Lagoons Nature Reserve, Wyndham-East Kimberley, Australia"
"Mataraua Forest, Northland, New Zealand (north of Donnelly's Crossing)"
"Kourilehto, Finland"
"Tempasuk Plain, Malaysia (north of Kota Belud)"
"Wooroolin Wetlands, South Burnett, Australia"
"Georgetown, Australia (West of Mount Surprise, south of Abingdon Downs)"
"Zaragoza, Spain"
"Zaragoza, Spain"
"Arthur's Pass National Park, New Zealand"
"Kenai Fjords National Park, Alaska"
"Etosha National Park, Namibia"
"east of Williams, California"
"Denali National Park, Alaska"
"Aledeghi Wildlife Reserve, Ethiopia"
"Spruce Point to Long Island, Kodiak Island, Alaska"
"Chena, Alaska"
"Reserva de la Biosfera Selva El Ocote, Mexico"
"Chobe National Park (Savuti Region), Botswana"
"Grímsey, Iceland"
"Yeruham Lake, Israel"
"Holme, Cambridgeshire, England"
"Mount Webb National Park, Cook, Australia"
"Mount Webb National Park, Cook, Australia"
"Thanamandi, Tehsil, Jammu and Kashmir"
"Arpela, Finland"
"El Baul, Venezuela"
"Reserva de la Biosfera El Triunfo, Mexico"
"Congress, Yavapai, Arizona, "
"North Cook Lake Natural Area, Edmonton, Alberta Canada"
"Cape Cross, Namibia (Dorob National Park)"
"Bahir Dar, Ethiopia"
"Mount Malindang Range Natural Park, Philippines"
"Date Creek Ranch Yavapai, Arizona"
"Zackenberg, Greenland"
"Fort Nelson, British Columbia, Canada"
"just south of Wharepapa South, New Zealand"
"Mareeba Wetlands, Tablelands, Australia"
"Kamorta, Nicobar, Indonesia"
"Xinggu Residential District, Beijing, China"
"Verloren Valei Nature Reserve, South Africa"
"Noormarkku, Finland"
"Stanley, Circular Head, Tasmania, Australia"
"Afrak Mountains, Indonesia"
"Barred Creek, Broome, Australia"
"Bamaga, Australia"
"Southeast of Stockholm, Sweden"
"Diofior, Senegal"
"Diofior, Senegal"
"Tawharanui Regional Park, Rodney District, New Zealand"
"Khon Kaen, Thailand"
"Mersey Valley, Manchester, Great Britain - England"
"Nanpu Town General, Binhaizhen, China"
"Callao District, Lima District, Peru"
"Temple of Heaven, Beijing, China"
"Sidangoli, Maluku Utara, Indonesia"
"Papua New Guinea LNG (-9.3559,147.0306), Papua New Guinea"
"Tiritiri Island, Rodney District, New Zealand"
"Parque Ecologico El Haya, Veraruz, Mexico"
"Auckland Airport, Manukau City, New Zealand"
"Great Nicobar Biosphere reserve, Nicobar, Andaman and Nicobar Islands"
"Bamaga, Northern Peninsula Area, Queensland, Australia"
"Reifafeif River, Japen Island, Papua, Indonesia"
"Molibagu Road, Bogani Nani Wartabone National Park, Sulawesi Utara, Indonesia"
"Port Douglas, Cairns, Queensland, Australia"
"Ilparpa Claypans Crown Land Reserve, Alice Springs, Northern Territory, Australia"
"The Tree House, 168 West Coast Road, Motukaraka Hokianga, Kohukohu, New Zealand"
"Banaue hotel, Banaue, Luzon, Phillipines"
"Tongariro River at Turangi (Te Aho Rd), Taupo District, NZ"
"Carmilla Beach, Isaac, Queensland, Australia"
"Wood Buffalo NP--Rocher at Coupe River, Forst McMurray, Alberta, Canada"
"El Palmar, Bolivar, Venezuela"
"Parque Estadual Intervales, Sao Paulo, Brazil"
"Parque Estadual de Serra do Mar-Nucleo Cunha, Sao Paulo, Brazil"
"Georgetown Botanical Gardens, Georgetown, Guyana"
"Lake Baringo, Kenya"
"Malasi Lake, Cabagan, Phillipines"
"Lappi, Lumijoki, Finland"
"Kempeleenlahti Bay, Finland"
"Beit HaArava, Israel"
"Mara Triangle, Kenya"
"Cardiff, Alberta, Canada"
"Las Calles, San Alberto, Argentina"
"Sainte-Rose-du-Nord, Le Fjord-du-Saguenay, Quebec, Canada"
"Aroya, Cheyenne County, Colorado, United states"
"Yahel, Israel"
"Santa Teresa, Brazil"
"Banaue hotel, Phillipines"
"Gizo, Ghizo Island, Solomon Islands"
"12 Old Mill Lane Wetlands (Waiotoi River), Whangarei District, NZ-NTL"
"The Tip of Borneo, Sabah, Malaysia"
"Nimbokrang--forest near village, Papua, Indonesia"
"West Waigeo Nature Reserve, Papua Barat, Indonesia"
"Edmonton, Alberta, Canada"
"Anchorage, Alaska"
"Eau Claire, Wisconsin, USA"
"Siuna, Nicaragua"
"La Ceiba, Honduras"
"Jaco, Costa Rica"
"Esteli, Nicaragua"
"Puerto Jiménez, Costa Rica"
"San Luis Potosí, Mexico"
"Mulukuku, Honduras"
"Santa Marta, Colombia"
"Villahermosa, Mexico"
"Valladolid, Mexico"
"Belize City, Belize"
"Charlotteville, Trinidad and Tobago"
"Santa Marta, Colombia"
"Cayo Romano, Cuba "
"Tapachula, Mexico"
"Liberia, Costa Rica"
"Mérida, Mexico"
"Santa Marta, Colombia"
"St. George, Nevada, United States"
"Medellín, Colombia"
"San Cristobal, Cuba"
"Medellín, Colombia"
"Serrekunda, The Gambia"
"Yécora, Mexico"
"Aquiraz, Brazil"
"Salmon Arm, Canada"
"Serrekunda, The Gambia"
"Catacamas, Honduras"
Denali National Park and Preserve
"Okaukuejo, Namibia"
"Sunshine Coast, Australia"
"Bastimentos island, Panama"
"Watford city, North Dakota"
"Tucson, Arizona"
"Addis Ababa, Ethiopia"
"Toowoomba, Australia"
"Awassa, Ethiopia"
"Batsfjord, Norway"
"Dakar, Senegal"
"Tennant Creek, Australia"
"Ambosta, Spain"
"Barinas, Venezuela"
"Vitótia da Conquista, Brazil"
"Baoshan, China"
"Hamilton, Ontario, Canada"
"Alice Springs, Australia"
"Gurugram, India"
"Dakar, Senegal"
"Greater Bendigo, Australia (Costerfield State Forest"
"Puerto Chomes, Costa Rica"
"Lake Abhe, Southeastern Shore, Djibouti"
"Maui, Hawaii"
"Esteros de Farrapose e Islas del Río Uruguay, Uruguay (Uruguay River, south of Concepción del Uruguay)"
"Biedma, Argentina (Península Valdés)"
"Parque Nacional Sierra Nevada, Venezuela (just north of Pico Bolívar)"
"Primavera, Chile (near Puerto Percy)"
"Walter Peak, Queenstown-Lakes District, New Zealand (on Lake Wakatipu)"
"Parque Nacional Sierra de San Pedro Mártir, Mexico"
"Parque Etnobotánico Omora, Cabo de Hornos, Chile"
"Tetepare Nature Preserve, Tetepare, Solomon Islands"
"Port Vila, Vanuatu "
"Region de Aysén del General Carlos Ibáñez del Campo, Chile"
"Selenga hills, Russia (northwest of Ulan Ude)"
"Enderby Island, New Zealand"
"Tetepare Nature Preserve, Tetepare, Solomon Islands"
"Varirata National Park, Papua New Guinea"
southeast of Tjoritja/West MacDonnell National Park Australia
"Esperanza, Mexico"
"Mornington Wildlife Sanctuary, Derby-West Kimberley, Australia (King Leopold Ranges Conservation Park)"
"Kundy Island, Southland District, New Zealand"
"Cascada Los Huenchos, Mexico (east of Tobasco, west of Ojocaliente)"
"Lake Bindegolly, Bulloo, Australia"
"Welford National Park, Barcoo, Australia"
"Rakiura National Park, Ulva Island, New Zealand"
"Southeast of Lake Ghoubet, southwest of We'a, Djibouti"
"Kampung Sapit, Malaysia"
"Southwest National Park, Tasmania, Australia"
"Pengilly Scrub, Light, Australia (north of Adelaide)"
"General Conesa, Argentina"
"General Conesa, Argentina"
"Mount Burns, Fiordland National Park, New Zealand"
"Monkey River Town, Belize"
"Koa Dunes, South Africa (southeast Aggeneys)"
"Ballard, California"
"Apache Springs, New Mexico"
"Mountain Zebra National Park, South Africa"
"west of Islas de Todos Santos, Mexico"
"Freeport, Florida"
"Illimo, Peru"
"Mountain Zebra National Park, South Africa"
"Macquarie Island, Australia"
"Flamingo Lake, Oman"
"north of Puerto San Julián, Argentina"
"Auckland Island, New Zealand"
"Auckland Island, New Zealand"
"Deo Nui San Pass, Vietnam"
"Slope Point, Southland, New Zealand"
"Mar de Cobo, Argentina"
"Carretera Satipo, Peru"
"El Mexquite, Mexico (just east of Jesus Gómez Portugal)"
"Osceola, Florida (just east of Deer Park)"
"Swellendam, South Africa"
"Cape Aguhlas, South Africa"
"La Foa, New Caledonia"
"Hacienda Baru, Costa Rica"
"Montaña de Congolón, Honduras"
"Key Largo, Florida"
"Codfish Island, Sealers Bay, New Zealand"
"Wilsons Promontory National Park, South Gippsland, Australia"
"Namar, Maluku, Indonesia (east of Pulau Uhiwa)"
"South of Qingyuan, China"
"Pringle Bay, South Africa"
"Lake Hayes, New Zealand"
"Lune Plain, Huon Valley, Tasmania, Australia"
"Varirata National Park, Papua New Guinea"
"Cape Woolamai, Phillip Island Nature Park, Australia"
"Rock Gully, Australia (east of Lake Muir National Park)"
"South of Qaa, northeast of Ras Baalbek, Lebanon"
"Kranshoek, South Africa (east of Knysa)"
"Kranshoek, South Africa (east of Knysa)"
"Orokonui Ecosanctuary, Dunedin City, New Zealand"
"Burdekin, Australia - Queensland"
"Gerhardsville, South Africa"
"Hôi An, Vietnam"
"Maiquillahue, Los Rios, Chile"
"Beijia Harbour, Leizhou, China"
"Varirata National Park, Port Moresby, Papua New Guinea"
"Greenpoint Domain and Boardwalk, Invercargill City, New Zealand"
"Kapiti Island, Kapiti Coast District, New Zealand"
"Altos del Maria, Panama"
"Waituna Lagoon, Southland District, New Zealand"
"Tetepare Nature Reserve, Soloman Islands"
"Sainty's Creek Cottage, Kingborough, Tasmania, Australia"
"Mt. Kilkerran river camp, Fergusson Island, Papua New Guinea"
NA
"Christmas Hills Raspberry Farm, Meander Valley, Tasmania, Autralia"
"Lake Cartcarrong, Moyne, Victoria, Australia"
"Bench Island, Southland District, New Zealand"
"Kundy Island, Southland District, New Zealand"
"Lake Thomson Hut, Southland District, New Zealand"
"Wirilda Environment Park, Latrobe, Victoria, AU"
"Lake Michelle, Noordhoek, Capetown, South Africa"
"Fazenda rio Vermelho, Rio de Janeiro, Brazil"
"Non Moncona Virgin Lodge, San Pedro, Argentina"
"Parque tematico (-31.611,-52.517), Rio Grade do Sul, Brazil"
"Embrapa Clima Temperado, Rio Grand do Sul, Brazil"
"Madibira (-8.216,34.835), Mbeya Region, Tanzania"
"Sentani Grassland, Papua, Indonesia"
"Sarilar, Turkey"
"Bahia Jara, Chile Chico, Chile"
"Duiwenhoks River mouth, South Africa"
"Rust De Winter Nature Reserve Limpopo, South Africa"
"Dover Air Force Base, Kent, Delaware, United States"
"Estrada Caleta Cordova, Escalante, Argentina"
"Puerto Angel, Oaxaca, Mexico"
"San Pablo Toliman (20.796,-99.918), Queretaro, Mexico"
"Salalah, Oman"
"Volta Velha Reserve, Itapoa, Brazil"
"Kundy Island, South District, New Zealand"
"Curio Bay, Southland District, New Zealand"
"Mana Island, Porirua City, NZ"
"Ruteng, Flores, Nusa Tenggara Timur, Indonesia"
"Lake Murray Lodge, Western Province, Papua New Guinea"
"Varirata National Park, Port Moresby, Papua New Guinea"
"Tallahassee, Florida, USA"
"Naples, Florida"
"Tampa, Florida, USA"
"Jama, Ecuador"
"Tumbes, Peru"
"Joinville, Brazil"
"Rurrenabaque, Bolivia"
"Manta, Ecuador"
"Medellín, Colombia"
"Medellín, Colombia"
"Popayán, Colombia"
"Manaus, Brazil"
"Jardim, Brazil"
"Rio de Janeiro, Brazil"
"São Paulo, Brazil"
"Puerto Maldonado, Peru"
"Porto Alegre, Brazil"
"Bogota, Colombia"
"Machala, Ecuador"
"Punto Arenas, Chile"
"La Paz, Bolivia"
"Hermosillo, Mexico"
"São José de Rio Claro, Brazil"
"Rio das Ostras, Brazil"
"São José de Rio Claro, Brazil"
"Ciudad de la Paz, Equitorial New Guinea"
"Oaxaca, Mexico"
"Necochea, Argentina"
"Oaxaca, Mexico"
"Knysna, South Africa"
"Panama City, Panama"
"Crestone, Colorado"
"L'Agulhas, South Africa"
"Southport, Tasmania"
"Cali, Colombia"
"Miami, Florida"
"Guatemala City, Guatemala"
"Nyeri, Kenya"
"Albury, Australia"
"Capetown, South Africa"
"Invercargill, New Zealand"
"Port St. Johns, South Africa"
"Opalton, Australia"
"El Jadida, Morocco"
"Santa Cruz de la Sierra, Bolivia"
"Florianópolis, Brazil"
"Chiang Mai, Thailand"
"Brownsville, Texas"
"Naracoorte, Australia"
"Banyuwangi, Indonesia"
"Mwatate, Kenya"
"Strathbogie, Australia (Heathcote-Graytown National Park"
"Llanos de Pozo de Agua, Costa Rica (near Palo Verde National Park)"
"Boa Vista, Cape Verde"
"Al Ain, United Arab Emirates"
"Santo Tomé, Argentina (east of Parque Nacional Iberá; near border of Argentina and Brazil)"
"Biedma, Argentina (Península Valdés)"
"Parque Nacional Sierra Nevada, Venezuela ("
"Monumento Natural Laguna de los Cisnes, Porvenir, Chile (east of Punta Arenas)"
"Bannockburn, New Zealand"
"Bent, New Mexico"
"Ushuaia, Argentina"
"Rennell Island, Solomon Islands"
"Pango Point, Port Vila, Vanuatu"
"Aysén, Chile"
"Ogushigo, Japan"
"Maclaren Bay, Adams Island, New Zealand"
"Naepaepa Mountain, San Cristobal, Solomon Islands"
"Varirata National Park, Papua New Guinea"
"MacDonnell, Australia (west of Santa Teresa)"
"Cuesta Chica, Cañada Morelos, Puebla, Mexico"
"Burke, Australia (east of Lawn Hill (Arthur Creek) Resources Reserve)"
"Stewart Island, Southland District, New Zealand"
"Rosa Amarilla Loop-Circuito, Mexico (south of Lago de Chapala, north of Concepción de Buenos Aires)"
"Binya State Forest, Carrathool, Australia"
"Welford National Park, Barcoo, Australia"
"Doughboy Bay, Stuart Island, New Zealand"
"Aledeghi Wildlife Reserve, Ethiopia"
"Telaga, Indonesia, (southwest of Kruing, west of Sebangau National Park"
"Southwest National Park, South Cape Bay, Tasmania, Australia"
"Neale Junction Nature Reserve, australia"
"General Conesa, Argentina"
"General Conesa, Argentina"
"Pomplona Lodge, near Pariroa/Castle Mount, New Zealand"
"Monkey River Town, Belize"
"Copperton, South Africa"
"Buellton, California"
"Villanueva, Mexico"
"Mountain Zebra National Park, South Africa"
"southwest Islas de Todos Santos, Mexico"
"Eunice, Louisiana"
"Zapotillo, Mexico"
"Mountain Zebra National Park, South Africa"
"Hurd Point Proper, Macquarie Island, Australia"
"between Abha and Khamis Mushait, Saudi Arabia"
"Parque Nacional Nahuelbuta, Chile"
"Disappointment Island, New Zealand"
"Disappointment Island, New Zealand"
"Deo Nui San Pass, Vietnam"
"Mason Bay, Steward Island, New Zealand"
"Mar de Cobo, Argentina"
"Nanegal, Ecuador"
"El Mexquite, Mexico (just east of Jesus Gómez Portugal)"
"Tuleta, Texas"
"Grotto Bay, South Africa"
"De Mond Nature Reserve, South Africa"
"Mont Koghi, New Caledonia"
"Hacienda Baru, Costa Rica"
"San Juan, Honduras"
"Key Largo, Florida"
"Fiordland National Park, Anchor Island, New Zealand"
"Wilsons Promontory National Park, South Gippsland, Australia"
"Komodo National Park, Nusa Tenggara Timur, Indonesia"
"Wenzhou, China"
"Cape Aguhlas, South Africa"
"Mandeville, New Zealand"
"Huon Valley, Tasmania, Australia (near Ida Bay)"
"Varirata National Park, Papua New Guinea"
"Bay of Islands, Australia"
"Porongurup National Park, Australia"
"Mount Amasa, Israel (near Har Amasa)"
"Nature's Valley, South Africa (South of Garden Route National Park)"
"Nature's Valley, South Africa (South of Garden Route National Park)"
"Orokonui Ecosanctuary, Dunedin City, New Zealand"
"Mackay, Australia - Queensland"
"Pretoria, South Africa"
"Fangshan Township, Taiwan"
"Pucatrihue, San Juan de la Costa, Chile"
"Sanya, Hainan, China"
"Tawali Resort, Milne Bay, Papua New Guinea"
"Bluff Highway, Invercargill City, New Zealand"
"Kapiti Island, Kapiti Coast District, New Zealand"
"Altos del Maria, Panama"
"Daffodil Bay, Sandy Point, Invercargill City, New Zealand"
"Kulu River, West New Britain Province, Papua New Guinea"
"Cloudy Bay Road, South Bruny Island, Kingborough, Tasmania, Australia"
"Fly River at Drimdenasuk, Papua New Guinea"
"Lore Lindu National Park--Anaso Track, Sulawesi Tengah, Indonesia"
"Rostrevor Lagoon, Glamorgan/Spring Bay, Tasmania, Australia"
"Wingeel Rd, Wingeel (-38.046,143.857) Golden Plains, Victoria, Australia"
"Bench Island, Southland District, New Zealand"
"Yejele Beach, Mare, New Caledonia"
"Fiordland National Park Lodge, Southland District, New Zealand"
"Wirilda Environment Park, Latrobe, Victoria, AU"
"De Hoop Nature Reserve, South Africa"
"Estrada Lumiar-Aldeia Velha (-22.395,-42.302), Rio de Janeiro, Brazil"
"Estrada Geral do Braco (-27.1096,-48.7802), Camboriu, Brazil"
"Santuario Nossa Senhora de Guadalupe, Rio Grande do Sul, Brazil"
"Santuario Nossa Senhora de Guadalupe, Rio Grande do Sul, Brazil"
"Ruaha River Lodge, Tanzania"
"Diamond Head Road, Crowdy Bay National Park, New South Wales, AU"
"Sarilar, Turkey"
"Bahia Jara, Chile Chico, Chile"
"De Hoop Nature Reserve, South Africa"
"North Uthungulu (-27.9358,32.2394), South Africa"
"West Point, King William, Virginia, United States"
"Ruta Provincial 270, Sarmiento, Argentina"
"Punta Cometa, Oaxaca, Mexico"
"Mesa Las Prenada, Aguascalientes, Mexico"
"Dahariz Beach-Khor End, Oman"
"Quest Brazil, Schroeder, Brazil"
"Torrent Bay, Tasman District, New Zealand"
"Puerua Bridge, Clutha District, New Zealand"
"Kapiti Island, Kapiti Coast District, NZ-WGN"
"Gunung Tunak Deer Park, Nusa Tengggara Barat, Indonesia"
"Tabubil-Kiunga Rd, Western Province, Papua New Guinea"
"Varirata National Park, Port Moresby, Papua New Guinea"
"Tallahassee, Florida"
"Tampa, Florida"
"Tampa, Florida, USA"
"Quito, Ecuador"
"Tumbes, Peru"
"Curitiba, Brazil"
"Cusco, Peru"
"Tumaco, Colombia"
"Rio Hato, Panama"
"Cali, Colombia"
"Cali, Colombia"
"Manaus, Brazil"
"Jardim, Brazil"
"Salvador, Brazil"
"Curitiba, Brazil"
"Cusco, Peru"
"Porto Alegre, Brazil"
"Bogota, Colombia"
"Machala, Ecuador"
"Punto Arenas, Chile"
"Cochabamba, Bolivia"
"Hermosillo, Mexico"
"São José de Rio Claro, Brazil"
"Vitoria, Brazil"
"São José de Rio Claro, Brazil"
"Ciudad de la Paz, Equitorial New Guinea"
"Oaxaca, Mexico"
"Necochea, Argentina"
"Oaxaca, Mexico"
"Plettenberg Bay, South Africa"
"Yaviza, Panama"
"Crestone, Colorado"
"Arniston, South Africa"
"Southport, Tasmania"
"Buenaventura, Colombia"
"Miami, Florida"
"Guatemala City, Guatemala"
"Karatu, Tanzania"
"Albury, Australia"
"Capetown, South Africa"
"Invercargill, New Zealand"
"Port St. Johns, South Africa"
"Alice Springs, Australia"
"Rabat, Morocco"
"Santa Cruz de la Sierra, Bolivia"
"Florianópolis, Brazil"
"Chiang Rai, Thailand"
"Monterrey, Mexico"
"Naracoorte, Australia"
"Bali, Indonesia"
"Mwatate, Kenya"
"Lodden, Australia (Mount Korong Nature Conservation Reserve)"
"Refugio Nacional de Vida Silvestre Cipanci, Costa Rica"
"Boa Vista, Cape Verde"
"Jebel Hafit, United Arab Emirates (near Al Ain)"
"San Miguel, Parque Nacional Iberá, Argentina"
"Florentino Ameghino, Argentina (North of Comodoro Rivadavia and south of Península Valdés, Argentina)"
"Parque Nacional Sierra de la Culata, Venezuela (northeast of Venezuela)"
"Languiñeo, Argentina (Piedra Parada, Northeast of Parque Nacional Corcovado)"
"Glendhu Bay, Otago, New Zealand (Queenstown-Lakes District)"
"Parque Nacional Sierra de San Pedro Mártir, Baja California, Mexico"
"Cerro Bandera, Cabo de Hornos, Chile"
"Varirata National Park, Papua New Guinea"
"Kuto, Isle of the Pines, New Caledonia"
"Tortel, Chile"
"Junzi Peak, China (near Sanming)"
"Enderby Island, New Zealand"
"Nggela Pile Island, Solomon Islands"
"Varirata National Park, Papua New Guinea"
"MacDonnell, Australia (west of Santa Teresa)"
"Parque Nacional El Tepozteco, Mexico"
"Mornington Wildlife Sanctuary, Derby-West Kimberley, Australia (King Leopold Ranges Conservation Park)"
"Wreck Reef, Southland District, New Zealand (off of Stewart Island)"
"Ejido San José Teña, Mexico (north of Mexico City, southwest of Actopan)"
"Murray-Sunset National Park, Lake Walla Walla, Mildura, Australia"
"Welford National Park, Barcoo, Australia"
"Port Adventure Hut and Peninsula, Stewart Island, New Zealand"
"Decan Wildlife Refuge, Djibouti"
"Borneo Highland Resort, Malasia (south of Kampung Sapit)"
"south of Southport Lagoon, Tasmania, Australia"
"Lyndhurst, Australia"
"Villalonga, Argentina"
"Villalonga, Argentina"
"Long Sound (east of Only Island), New Zealand"
"Siene Bight, Belize"
"south of Toekoms, South Africa"
"Ballard, Canada"
"Villanueva, Mexico"
"Mountain Zebra National Park, South Africa"
"San Diego, California"
"Douglass, Texas"
"Ciudad Eten, Mexico"
"Mountain Zebra National Park, South Africa"
"Hurd Point Proper, Macquarie Island, Australia"
"Wadi Tarabat, Al Ain, United Arab Emirates"
"Languiñeo, Argentina (Piedra Parada, Northeast of Parque Nacional Corcovado)"
"Campbell islands, new zealand"
"Campbell islands, new zealand"
"Deo Nui San Pass, Vietnam"
"Ernest Island, New Zealand"
"Mar de Cobo, Argentina"
"San Juan del Oro district, Peru"
"El Mexquite, Mexico (just east of Jesus Gómez Portugal)"
"Pasco, Florida (west of Dade City)"
"Tygerberg Nature Reserve, Bellville, South Africa"
"Cape Aguhlas, South Africa"
"Kuto, Isle of the Pines, New Caledonia"
"Hacienda Baru, Costa Rica"
"Rancho Zapata, San Pablo Villa de Mitla, Mexico"
"Quarry Lake, Miami-Dade, Florida"
"Pomona Island, Lake Manapouri, New Zealand"
"Wilsons Promontory National Park, South Gippsland, Australia"
"Kai Kecil, Maluku, Indonesia"
"Wangluo Lake, China (east of Nanchang)"
"Cape Aguhlas, South Africa"
"Balclutha, New Zealand"
"Cape Bruny, Kingsborough, Tasmania, Australia"
"Varirata National Park, Papua New Guinea"
"Twelve Apostles Marine National Park, Australia"
"Peaceful Bay, Australia"
"Mikhmannim, Israel (east of Karmiel)"
"Nature's Valley, South Africa (South of Garden Route National Park)"
"Nature's Valley, South Africa (South of Garden Route National Park)"
"Orokonui Ecosanctuary, Dunedin City, New Zealand"
"Burdekin, Australia - Queensland"
"Rietvlei Nature Reserve, South Africa"
"Pingtung Haifeng Wetland, Taiwan"
"Colaco playa, Calbuco, Chile"
"Tang Zhui Zhen, China"
"Varirata National Park, Port Moresby, Papua New Guinea"
"Invercargill Estuary Shellbanks, Invercargill City, New Zealand"
"Sealers Bay, Chalky Island, Southland District, New Zealand"
"Altos del Maria, Panama"
"Robson Rd, Clutha District, New Zealand"
"Bukit Lemba, Maluku Utara, Indonesia"
"Cloudy Bay Road, South Bruny Island, Kingborough, Tasmania, Australia"
"Obo Station, Papua New Guinea"
"Karaenta Forest, Sulawesi Selatan, Indonesia"
"Goulds Lagoon Wildlife Sanctuary, Glenorchy, Tasmania, Australia"
"Cockato Lake, Naracoorte and Lucindale, South Australia, Australia"
"South Passage Island - south-east, Southland District, New Zealand"
"Bethany Park Camp, Tasman District, New Zealand"
"Rainbow Reach - Iris Burn, Southland District, NZ"
"Metung, East Gippsland, Victoria, AU"
"Shearwater Apartment, Simon's Town, South Africa"
"Pedra de Tres Pontoes, Afonso Claudio, Brazil"
"Cueva Mini lodge and adventure, Eldorado, Argentina"
"Sao Francisco de Paula--Pousada Recanto da Mata, Rio Grande do Sul, Brazil"
"Santuario Nossa Senhora de Guadalupe, Rio Grande do Sul, Brazil"
"Tarangire National Park--Tarangire Simba Lodge, Tanzania"
"Kimbe Bay--Malumalu Island, Papua New Guina"
"Saribeyler, Turkey"
"Terra Luna Lodge, Chile Chico, Chile"
"Van Dyks Bay, South Africa"
"Nagana, South Africa"
"Coles County, Illinois, United States"
"Bosque pertrificado Sarmiento, Sarmiento, Argentina"
"Parque Nacional Huatulco, Oaxaca, Mexico"
"San Jose del Alamito, San Jose de vindeo, Coahuila, Mexico"
"The Inter-University Institute for Marine Sciences, Israel"
"Brusque, Brazil"
"Marahau, Tasmam District, New Zealand"
"Curio Bay, Southland District, New Zealand"
"Snells Beach Flats, Rodney District, NZ-AUK"
"Villla Rimba, Kedisan, Gianyar, Bali, Indonesia"
"Nimbokrang--forest viewpoint, Papua, Indonesia (-2.601,140.062)"
"Varirata National Park, Port Moresby, Papua New Guinea"
"Atlanta, Georgia"
"West Palm Beach, Florida"
"Tampa, Florida, USA"
"Jama, Ecuador"
"Tumbes, Peru"
"Joinville, Brazil"
"Cusco, Peru"
"Tumaco, Colombia"
"Rio Hato, Panama"
"Cali, Colombia"
"Popayán, Colombia"
"Manaus, Brazil"
"San Alfredo, Paraguay"
"La Paz, Bolivia"
"Rio de Janeiro, Brazil"
"Cuiabá, Brazil"
"Porto Alegre, Brazil"
"Bogota, Colombia"
"Machala, Ecuador"
"Porvenir, Chile"
"Cochabamba, Bolivia"
"Guaymas, Mexico"
"São José de Rio Claro, Brazil"
"Serra, Brazil"
"São José de Rio Claro, Brazil"
"Douala, Cameroon"
"Oaxaca, Mexico"
"Tres Arroyos, Argentina"
"Oaxaca, Mexico"
"Knysna, South Africa"
"Timbiré, Ecuador"
"Keystone, Colorado"
"L'Agulhas, South Africa"
"Southport, Tasmania"
"Buenaventura, Colombia"
"Miami, Florida"
"Tegucigalpa, Honduras"
"Nyeri, Kenya"
"Griffith, Australia"
"Capetown, South Africa"
"Invercargill, New Zealand"
"Hluhluwe, South Africa"
"Alice Springs, Australia"
"Casablanca, Morocco"
"La Paz, Bolivia"
"Florianópolis, Brazil"
"Chiang Rai, Thailand"
"Monterrey, Mexico"
"Southend, Australia"
"Bali, Indonesia"
"Mwatate, Kenya"
"Hepburn, Australia (Rise and Shine Bushland Reserve)"
"Matina, Costa Rica (near Parque Nacional Barbilla)"
"Boa Vista, Cape Verde"
"Jebel Hafit, United Arab Emirates (near Al Ain)"
"Islas del Ibicuy, Argentina (north of Buenos Aires)"
"Rada Tilly, Escalante, Argentina (just south of Comodoro Rivadavia)"
"Parque Nacional El Tamá, Venezuela (South of San Cristobal)"
"Chos Malal, Argentina (South of Volcan Domuyo)"
"Futaleufú, Argentina (Reserva Nacional Futaleufú)"
"Gilman, Sandoval, New Mexico"
"Isla Hornos, Cabo de Hornos, Chile"
"San Cristobal, Soloman Islands"
"Alotau, Papua New Guinea"
"Cisnes, Chile"
"Komatsu, Japan (near Ishikawa)"
"Rakiura National Park, Ulva Island, New Zealand"
"Russul Islands, Solomon Islands"
"Nigila, Papua New Guinea (east of Alotau)"
"MacDonnell, Australia (west of Santa Teresa)"
"north of El Frijol Colorado, Mexico"
"Illawarra Creek, Top Springs, Australia"
"Wreck Reef, Southland District, New Zealand (off of Stewart Island)"
"Concepción de Buenos Aires, Mexico"
"Montecolina Bore, Australia (just east of Lake Blanche)"
"Mount Augustus National Park, Upper Gascoyne, Australia"
"Raikiura National Park, New Zealand"
"Decan Wildlife Refuge, Djibouti"
"Borneo Highland Resort, Malasia (south of Kampung Sapit)"
"Southwest National Park, South Cape Bay, Tasmania, Australia"
"Hawker, Australia (south of Ikara Flinders Ranges National Park)"
"General Conesa, Argentina"
"General Conesa, Argentina"
"Fiordland National Park, New Zealand"
"Bread and Butter Caye, Belize"
"south of Toekoms, South Africa"
"Beckmen Vineyards,  Canada"
"Villanueva, Mexico"
"Mountain Zebra National Park, South Africa"
"Ensenada, Mexico"
"Dubach, Louisiana"
"Illimo, Peru"
"Mountain Zebra National Park, South Africa"
"Rakiura National Park, Ulva Island, New Zealand"
"Wadi Aydam, Oman"
"just north of Puerto Santa Cruz, Argentina"
"Northeast island, New Zealand"
"Northeast island, New Zealand"
"Deo Nui San Pass, Vietnam"
"Otara, New Zealand"
"Reserva El Destino, Magdalena, Argentina"
"Bosque de Proteccion Pui Pui, Peru"
"Laguna La Colorada, Mexico (near San Juanito de Escobedo)"
"Sablatura Nature Park, Nueces, Texas"
"west of Rooiberg Nature Reserve, South Africa"
"De Hoop Reserve, South Africa"
"Mont Koghi, New Caledonia"
"Hacienda Baru, Costa Rica"
"Tlacolula de Matamoros, Mexico"
"Biscayne National Park, Miami-Dade, Florida"
"Southeast of Pariroa/ Castle Mount, New Zealand"
"Wilsons Promontory National Park, South Gippsland, Australia"
"Pulau Rambut, Jakarta Raya, Indonesia"
"east of Nanchang, China"
"Pringle Bay, South Africa"
"Lake Hayes, New Zealand"
"Cloudy Bay, Bruny Island, Tasmania, Australia"
"West of Kandipa, Papua New Guinea"
"Northwest of Wattle Hill, South of Latrobe Bushland Reserve, Australia"
"Stirling Range National Park, Australia"
"East of El Hammam, Morrocco"
"Knysna, South Africa"
"Knysna, South Africa"
"Orokonui Ecosanctuary, Dunedin City, New Zealand"
"Mackay, Australia - Queensland"
"Umhlanga Lagoon, South Africa"
"Kengting Holiday Hotel, Hengchun, Taiwan"
"Rio Quenuir, Maullin, Chile"
"Sanya, Hainan, China"
"Nigila, Milne Bay, Papua New Guinea"
"Awarua Bay -- Eastern end, Southland District, New Zealand"
NA
"Altos del Maria, Panama"
"Te Anau Wildlife Centre, Southland District, New Zealand"
"Lola Island--Zipolo Habu Resort, Soloman Islands"
"Cloudy Bay, Bruny Island, Kingborough, Tasmania, Australia"
"Vanapa River Lowlands, Kanobaba'a 1, Papua New Guinea"
NA
"Richmond, Clarence, Tasmania, Australia"
"Mundy Terrace, Robe, South Australia, Australia"
"Fiordland National Park--Milford Sound, Southland District, New Zealand"
"Port Campbell National Park, Princetown, Corangamite, Victoria, Australia"
"Kepler Track - Iris Burn, Southland District, NZ"
"Nyermilang Park (-37.87567,147.92822), East Gippsland, Victoria, AU"
"De Hoop Nature Reserve, South Africa"
"Estrada do Helinho, Rio de Janeiro Brazil"
"Parque Provincial Salt Encantado, Misiones, Argentina"
"Morro Reutra--area geral, Rio Grande do Sul, Brazil"
"Estancia Virocay (AICA CR15), Santo Tome, Argentina"
"Tarangire National Park--Tarangire Simba Lodge, Tanzania"
"Bindarrabi Bush Camp (Koreelah National Park), Tenterfield, New South Wales, AU"
"Kanibarazan wetland, Iran"
"Vista Hermosa, Coyhaique, chile"
"Springerbaai Coastal Eco Estate, South Africa"
"Rooikatkloof Nature Preserve, South Africa"
"Dover Air Force Base, Kent, Delaware, United States"
"Aeropuerto Internacional Almirante Marcos A. Zar, Rawson, Argentina"
"Puerto Angel, Oaxaca, Mexico"
"Charcas, San Luis Potosi, Mexico"
"Crowne Plaza Resort, Salalah, Oman"
"Parque Nacional de Sao Joquim, Brazil"
"Port Campbell National Park, Corangamite, Victoria, Australia"
"Catlins Forest Park, Clutha District, New Zealand"
"Papakura--upper Pahurehure Inlet, Papakura District, NZ-AUK"
"Puarlolo, Nusa Tenggara Timur, Indonesia"
"Lake Murray Ecolodge, Western Province, Papua New Guinea"
NA
"Macon, Georgia"
"St. Petersburg, Florida"
"Tampa, Florida, USA"
"Puerto Lopez, Ecuador"
"Pinas, Ecuador"
"Joinville, Brazil"
"Cusco, Peru"
"Quito, Ecuador"
"Medellín, Colombia"
"Bogota, Colombia"
"Bogota, Colombia"
"Esmeraldas, Ecuador"
"La Victoria, Paraguay"
"Cusco, Peru"
"Rio de Janeiro, Brazil"
"Rio Branco, Brazil"
"Porto Alegre, Brazil"
"Bogota, Colombia"
"Machala, Ecuador"
"Puerto Natales, Chile"
"Cochabamba, Bolivia"
"Valentine, Texas"
"São José de Rio Claro, Brazil"
"Rio de Janeiro, Brazil"
"São José de Rio Claro, Brazil"
"Mbe, Republic of the Congo"
"Salina Cruz, Mexico"
"Tres Arroyos, Argentina"
"Oaxaca, Mexico"
"Kynsna, South Africa"
"Timbiré, Ecuador"
"San Juan National Forest, Colorado"
"Overberg DC, South Africa"
"Southport, Tasmania"
"Buenaventura, Colombia"
"Fort Lauderdale, Florida"
"San Salvador, El Salvador"
"Nyeri, Kenya"
"Albury, Australia"
"Capetown, South Africa"
"Mosgiel, New Zealand"
"Hluhluwe, South Africa"
"Alice Springs, Australia"
"Kenitra, Morocco"
"Puerto Maldonado, Peru"
"Caaguazú, Paraguay"
"Chiang Rai, Thailand"
"Monterrey, Mexico"
"Robe, Australia"
"Denpasar, Indonesia"
"Mwatate, Kenya"
"Murray, Australia (Murray Valley Regional Park)"
"Puerto Chomes, Costa Rica"
"Boa Vista, Cape Verde"
"Kula-Haleakala Natl Park, Maui, Hawaii"
"Carlos Pellegrini y Laguna Iberá, Argentina (in Parque Nacional Iberá)"
"Playa El Doradillo, Biedma, Argentina (on Golfo Nuevo)"
"Carrizal, Quita Soles, Venezuela (Northeast of Pico Humboldt)"
"Lago Argentino, Argentina (East of Isla Wellington)"
"Flea Bay, Christchurch City, New Zealand"
"Hermosa, New Mexico"
"Isla Hornos, Cabo de Hornos, Chile"
"near Baghare, Solomon Islands (San Cristobal)"
"Pango Point, Port Vila, Vanuatu"
Puerto Chacabuco
"Laotieshan, China (near Dalian)"
"Rakiura National Park, Ulva Island, New Zealand"
"Wemaregha, San Cristobal, Solomon Islands"
"Varirata National Park, Papua New Guinea"
"MacDonnell, Australia (west of Santa Teresa)"
"Laguna Almoloya, Mexico (southeast of Toluca, west of Parque Nacional Cumbres del Ajusco)"
"El Questro, Wyndham-East Kimberly, Australia"
"Steward Island, New Zealand"
"Los Tulipanes, Mexico (east Sierra de Lobos)"
"Wilcannia, Australia"
"Watarrka National Park, MacDonnell, Australia"
"Rakiura National Park, Ulva Island, New Zealand"
"Aledeghi Wildlife Reserve, Ethiopia"
"Santubong National Park, Malaysia"
"Southwest National Park, South Cape Bay, Tasmania, Australia"
"Pengilly Scrub, Light, Australia (north of Adelaide)"
"General Conesa, Argentina"
"General Conesa, Argentina"
"Spey River (just above the Mica Burn Junction), New Zealand"
"Monkey River Town, Belize"
"Mokala National Park, South Africa"
"Olivas, California"
"Villanueva, Mexico"
"Mountain Zebra National Park, South Africa"
"La Mision to Ensenada, Mexico (northwest of Ensenada)"
"Tullos, Louisiana"
"Reserva Nacional de Tumbes, Peru"
"Mokala National Park, South Africa"
"Rakiura National Park, Ulva Island, New Zealand"
"Wadi Aydam, Oman"
"Lago Puelo, Argentina"
"Invercargill, New Zealand"
"Invercargill, New Zealand"
"Deo Nui San Pass, Vietnam"
"Fortrose Estuary, New Zealand"
"Cariló, Argentina"
"Nanegal, Ecuador"
"Asupmatoma, Mexico (north San Cristóbal)"
"Bluntzer, Texas"
"Rooiberg Nature Reserve, South Africa"
"De Hoop Nature Reserve, South Africa"
"Kuto Bay, Isle of Pines, New Caledonia"
"Hacienda Baru, Cost Rica"
"Pino Real, Mexico"
"Key Largo, Florida"
"Fiordland National Park, Mirror Lakes, New Zealand"
"Wilsons Promontory National Park, South Gippsland, Australia"
"Ohoililur Beach, Maluku, Indonesia"
"Kinmen, Taiwan"
"De Mond Nature Reserve, South Africa"
"Balclutha, New Zealand"
"Cloudy Bay, Bruny Island, Tasmania, Australia"
"Varirata National Park, Papua New Guinea"
"Port Campbell National Park, Australia"
"Manjimup, Australia"
"West of Foinikaria, Cyprus"
"Kenton-On-Sea, Eastern Cape, South Africa"
"Kenton-On-Sea, Eastern Cape, South Africa"
"Orokonui Ecosanctuary, Dunedin City, New Zealand"
"Derby-West Kimberley, Australia - Western Australia"
"Irene Country Club, South Africa"
"Pingtung--Yingda Eco Farm, Taiwan"
"Isla Santa Maria, Coronel, Chile"
"Lantau South Country Park, Mui Wo, Hong Kong"
"Milne Bay Province (-10.266751,150.50144), Papua New Guinea"
"Whaler Bay, Sandy Point, Invercargill City, New Zealand"
"Kapiti Island, Kapiti Coast District, New Zealand"
"Altos del Maria, Panama"
"Te Anau, Southland District, New Zealand"
"Weda, Malukua Utara, Indonesia"
"Inala, Kingborough, Tasmania, Australia"
NA
"Tambing Lake, Lore Lindu National Park, Sulawesi Tengah, Indonesia"
"Goulds Lagoon Wildlife Sanctuary, Glenorchy, Tasmania, Australia"
"Serendip Sanctuary, Greater Geelong, Victoria, Australia"
"Fiordland National Park--Milford Sound, Southland District, New Zealand"
"Heyfield Racecourse Wetlands, Wellington, Victoria, Australia"
"Milford Track - Glade Wharf to Clinton Hut, Southland 9679, New Zealand"
"Rokebby Recreation Reserve, Baw Baw, Victoria, AU"
"De Hoop Nature Reserve, South Africa"
"Sumidouro, Rio de Janeiro, Brazil"
"Parque Provincial Mocona, San Pedro, Argentina"
"Morro Reuter -- Estrada Jose Klauck, Rio Grande do Sul, Brazil"
"Parque Provincial Mocona, San Pedro, Argentina"
"Tarangire National Park--Tarangire Simba Lodge, Tanzania"
"Flood Reserve Road, Lismore, New South Wales, AU"
"Kafkas University Wetland, Turkey"
"Pasado Cruce del Valle Simpson, Coyhaique, Chile"
"De Mond Nature Reserve, South Africa"
"Mkhuze, South Africa"
"Sandborn, Knox, Indiana, United States"
"Puerto Madryn, Biedma, Argentina"
"Playa Zipolite, Oxaca, Mexico"
"Tequisquiapan, Queretaro, Mexico"
"Dahariz Beach-Khor End, Oman"
"Volta Velha Reserve, Itapoa, Brazil"
"Point Wilson, Greater Geelong, Victoria, Australia"
"Stewart Island Pelagic Flat Rock, Southland District, New Zealand"
"Little Waihi estuary, Western Bay of Plenty District, NZ-BOP"
"Puarlolo, Nusa Tengggara Timur, Indonesia"
"Milne Bay Province (-10.266751, 150.50144), Papua New Guinea"
"Varirata National Park, Port Moresby, Papua New Guinea"
"Panama City, Florida"
"Boca Raton, Florida"
"Tampa, Florida, USA"
"Santo Domingo, Ecuador"
"Pinas, Ecuador"
"Joinville, Brazil"
"Puerto Maldonado, Peru"
"Quito, Ecuador"
"Las Tablas, Panama"
"Cali, Colombia"
"Florencia, Colombia"
"Mitú, Colombia"
"Rio Claro, Brazil"
"Iquitos, Peru"
"Curitiba, Brazil"
"Porto Velho, Brazil"
"Porto Alegre, Brazil"
"Bogota, Colombia"
"Machala, Ecuador"
"Puerto Natales, Chile"
"Cochabamba, Bolivia"
"Guaymas, Mexico"
"São José de Rio Claro, Brazil"
"Serra, Brazil"
"São José de Rio Claro, Brazil"
"Douala, Cameroon"
"Oaxaca, Mexico"
"Necochea, Argentina"
"Oaxaca, Mexico"
"Knysna, South Africa"
"Buenaventura, Colombia"
"Monarch, Colorado"
"Swellendam, South Africa"
"Southport, Tasmania"
"Buenaventura, Colombia"
"Everglades City, Florida"
"Tegucigalpa, Honduras"
"Karatu, Tanzania"
"Griffith, Australia"
"Capetown, South Africa"
"Mosgiel, New Zeland"
"Hluhluwe, South Africa"
"Alice Springs, Australia"
"Kenitra, Morocco"
"Ihla do Bananal, Brazil"
"Foz do Iguacu, Brazil"
"Chiang Mai, Thailand"
"Brownsville, Texas"
"Millicent, Australia"
"Bali, Indonesia"
"Mwatate, Kenya"