,Loc
0,"(-12.5009,136.2708), East Arnhem, Northern territory, AU"
1,"12 Old Mill Lane Wetlands (Waiotoi River), Whangarei District, NZ-NTL"
2,"28 Lakeview Dr, Terrace Bay, Ontario, Canada"
3,"61 Celia Street, Stratford, Taranaki, New Zealand"
4,"Addis Ababa, Ethiopia"
5,"Ade, Ethiopia"
6,"Aeropuerto Internacional Almirante Marcos A. Zar, Rawson, Argentina"
7,"Afrak Mountains, Indonesia"
8,"Al Ain, United Arab Emirates"
9,"Albury, Australia"
10,"Aledeghi Wildlife Reserve, Ethiopia"
11,"Alice Springs, Australia"
12,"Alotau, Papua New Guinea"
13,"Altinkum Plaji, Cyprus"
14,"Altos del Maria, Panama"
15,"Ambosta, Spain"
16,"Anchorage, Alaska"
17,"Anthony Municipal Lake, Harper, Kansas"
18,"Aore Island, Vanuatu"
19,"Apache Springs, New Mexico"
20,"Apoteri, Guyana"
21,"Aquiraz, Brazil"
22,"Arctic Bay, Baffin, Nunavut, Canada"
23,"Arikhiya Farm, Qatar"
24,"Arniston, South Africa"
25,"Aroya, Cheyenne County, Colorado, United states"
26,"Arpela, Finland"
27,"Arthur's Pass National Park, New Zealand"
28,"Asmara, Eritrea"
29,"Asupmatoma, Mexico (north San Cristóbal)"
30,"Atlanta, Georgia"
31,"Auckland Airport, Manukau City, New Zealand"
32,"Auckland Island, New Zealand"
33,"Awarua Bay -- Eastern end, Southland District, New Zealand"
34,"Awassa, Ethiopia"
35,"Aysén, Chile"
36,"Bahia Jara, Chile Chico, Chile"
37,"Bahir Dar, Ethiopia"
38,"Bajadas Grandes, Mexico"
39,"Balclutha, New Zealand"
40,"Bali, Indonesia"
41,"Ballard, California"
42,"Ballard, Canada"
43,"Bamaga, Australia"
44,"Bamaga, Northern Peninsula Area, Queensland, Australia"
45,"Banaue hotel, Banaue, Luzon, Phillipines"
46,"Banaue hotel, Phillipines"
47,"Bandar Udara Umbu Mehang Kunda, Nusa Tenggara Timur, Indonesia"
48,"Banjul, The Gambia"
49,"Bannockburn, New Zealand"
50,"Banyuwangi, Indonesia"
51,"Baoshan, China"
52,"Barcelona, Spain"
53,"Barinas, Venezuela"
54,"Barkley, Australia (near Lakewoods Conservation Covenant)"
55,"Barkly, Australia (north of Tennant Creek, south of Warumungu)"
56,"Barraba, Australia"
57,"Barred Creek, Broome, Australia"
58,"Barrow Island, Australia"
59,"Baruipur Marches, South 24 Parganas, West Bengal, India"
60,"Bastimentos Island, Panama"
61,"Bastimentos island, Panama"
62,"Batsfjord, Norway"
63,"Batsfjord, Sweden"
64,"Bay of Islands, Australia"
65,"Bear Head Lake, St. Louis, Minnesota, United states"
66,"Beaver Crossing, Alberta, Canada"
67,"Beckmen Vineyards,  Canada"
68,"Beechey Island, Baffin, Nunavut, Canada"
69,"Beijia Harbour, Leizhou, China"
70,"Beijing Botanical Garden, Beijing, China"
71,"Beit HaArava, Israel"
72,"Belize City, Belize"
73,"Belmopan, Belize"
74,"Bench Island, Southland District, New Zealand"
75,"Bent, Colorado (south of La Junta)"
76,"Bent, New Mexico"
77,"Berlevag, Norway"
78,"Bethany Park Camp, Tasman District, New Zealand"
79,"Biedma, Argentina (Península Valdés)"
80,"Bindarrabi Bush Camp (Koreelah National Park), Tenterfield, New South Wales, AU"
81,"Binya State Forest, Carrathool, Australia"
82,"Birdsville, Australia"
83,"Biscayne National Park, Miami-Dade, Florida"
84,"Bluff Highway, Invercargill City, New Zealand"
85,"Bluntzer, Texas"
86,"Boa Vista, Cape Verde"
87,"Boat Mountain Nature Reserve, australia"
88,"Boca Raton, Florida"
89,"Bocas del Toro Province, Panama"
90,"Bogani Nani Wartabone--Malibagu Road, Sulawesi Utara, Indonesia"
91,"Bogota, Colombia"
92,"Borneo Highland Resort, Malasia (south of Kampung Sapit)"
93,"Bosque de Proteccion Pui Pui, Peru"
94,"Bosque pertrificado Sarmiento, Sarmiento, Argentina"
95,"Bou-Hedma National Park, Tunisia"
96,"Brandberg White Lady Lodge, Namibia (east of Brandberg West Mine)"
97,"Brandon, Canada"
98,"Bread and Butter Caye, Belize"
99,"Brown River/ Vanapa River Lowlands, Papua New Guinea"
100,"Brownsville, Texas"
101,"Brule Lake campsite, Cook, Minnesota, United States"
102,"Brusque, Brazil"
103,"Buellton, California"
104,"Buenaventura, Colombia"
105,"Buffalo Creek, Roper Highwy Elsey (-15.0039, 133.2803), Roper Gulf, Northern Territory, Australia"
106,"Bukit Lemba, Maluku Utara, Indonesia"
107,"Burdekin, Australia - Queensland"
108,"Burke, Australia (east of Lawn Hill (Arthur Creek) Resources Reserve)"
109,"Burnhope Resevoir, Durham, England"
110,"Bylot Island, Baffin, Nunavut, Canada"
111,"Bylot Island, Baffin, Nunavut, Canada (south of Sirmilik National Park)"
112,"Bylot Island, Black Mountains, Baffin, Nunavut, Canada"
113,"Bylot, Baffin, Nunavut, Canada (north of Sirmilik National Park)"
114,"Bälinge, Sweden"
115,"Caaguazú, Paraguay"
116,"Cabra Coral, La Vina, Argentina"
117,"Cacalotepec, Puebla, Mexico"
118,"Cachoeira do Cerradao, Minas Gerais, Brazil"
119,"Cagar Alam Panua, Gorontalo, Indonesia"
120,"Cali, Colombia"
121,"Callao District, Lima District, Peru"
122,"Camaguay, Cuba"
123,"Campbell islands, new zealand"
124,"Campo Kilampa-Tala Canada, Pocho, Argentina"
125,"Cania Gorge National Park, North Burnett, Queenland, AU  (24.7241,150.9939)"
126,"Cania Gorge Tourist Retreat, North Burnett, Queensland, AU"
127,"Canoabo, Venezuela"
128,"Cape Aguhlas, South Africa"
129,"Cape Bruny, Kingsborough, Tasmania, Australia"
130,"Cape Cross, Namibia (Dorob National Park)"
131,"Cape Reinga (-34.4287,172.6794), Far North District, NZ-NTL"
132,"Cape Woolamai, Phillip Island Nature Park, Australia"
133,"Capetown, South Africa"
134,"Cardiff, Alberta, Canada"
135,"Cariboo, British Columbia, Canada"
136,"Cariló, Argentina"
137,"Carlos Pellegrini y Laguna Iberá, Argentina (in Parque Nacional Iberá)"
138,"Carlton Park Community Club, Prince Albert, Saskatchewan, Canada"
139,"Carmelita, Belize"
140,"Carmilla Beach, Isaac, Queensland, Australia"
141,"Carretera Satipo, Peru"
142,"Carrisillar, Venezuela (southwest of Parque Nacional Yurubí; in the mountains)"
143,"Carrizal, Quita Soles, Venezuela (Northeast of Pico Humboldt)"
144,"Carson Wetland, Prince George, Virginia (south of Richmond and west of Norfolk)"
145,"Casablanca, Morocco"
146,"Casca D'Anta waterfall Parque Nacional da Serra da Canastra, Sao Roque de Minas, Brazil"
147,"Cascada Los Huenchos, Mexico (east of Tobasco, west of Ojocaliente)"
148,"Cascade, Montana (Southwest of Great Falls, MT)"
149,"Catacamas, Honduras"
150,"Catlins Forest Park, Clutha District, New Zealand"
151,"Cayo Romano, Cuba "
152,"Centre Faragu, Senegal (north of Fathala Wildlife Reserve)"
153,"Cerro Bandera, Cabo de Hornos, Chile"
154,"Changqing Reserve, China"
155,"Charcas, San Luis Potosi, Mexico"
156,"Charlotteville, Trinidad and Tobago"
157,"Chena, Alaska"
158,"Chetumal, Mexico"
159,"Chiang Mai, Thailand"
160,"Chiang Rai, Thailand"
161,"Chiapas, Mexico"
162,"China Agricultural Museum, Maizidian Subdistrict, Beijing, China"
163,"Chobe National Park (Savuti Region), Botswana"
164,"Chos Malal, Argentina (South of Volcan Domuyo)"
165,"Christmas Hills Raspberry Farm, Meander Valley, Tasmania, Autralia"
166,"Cienfuegos, Cuba"
167,"Cisnes, Chile"
168,"Ciudad Eten, Mexico"
169,"Ciudad de la Paz, Equitorial New Guinea"
170,"Civitavechia, Italy"
171,"Cloudy Bay Road, South Bruny Island, Kingborough, Tasmania, Australia"
172,"Cloudy Bay, Bruny Island, Kingborough, Tasmania, Australia"
173,"Cloudy Bay, Bruny Island, Tasmania, Australia"
174,"Cloverdale, Arizona"
175,"Coatzacoalcos, Mexico"
176,"Cochabamba, Bolivia"
177,"Cockato Lake, Naracoorte and Lucindale, South Australia, Australia"
178,"Codfish Island, Sealers Bay, New Zealand"
179,"Colaco playa, Calbuco, Chile"
180,"Coles County, Illinois, United States"
181,"Collingwood Estuary, Tasman District, New Zealand"
182,"Colusa, California"
183,"Colón, Colombia"
184,"Comitán, Mexico"
185,"Concepción de Buenos Aires, Mexico"
186,"Congress, Yavapai, Arizona"
187,"Congress, Yavapai, Arizona, "
188,"Cook, Australia"
189,"Coot Lake, Yukon, Canada"
190,"Copperton, South Africa"
191,"Cordova, Alaska"
192,"Crestone, Colorado"
193,"Crowne Plaza Resort, Salalah, Oman"
194,"Crowne Plaza, Port Moresby, Papua New Guinea"
195,"Cuesta Chica, Cañada Morelos, Puebla, Mexico"
196,"Cueva Mini lodge and adventure, Eldorado, Argentina"
197,"Cuiabá, Brazil"
198,"Curio Bay, Southland District, New Zealand"
199,"Curitiba, Brazil"
200,"Cusco, Peru"
201,"Córdoba, Mexico"
202,"Da Nang, Vietnam"
203,"Daffodil Bay, Sandy Point, Invercargill City, New Zealand"
204,"Dahariz Beach-Khor End, Oman"
205,"Dakar, Senegal"
206,"Date Creek Ranch Yavapai, Arizona"
207,"De Hoop Nature Reserve, South Africa"
208,"De Hoop Reserve, South Africa"
209,"De Mond Nature Reserve, South Africa"
210,"Decan Wildlife Refuge, Djibouti"
211,Denali National Park and Preserve
212,"Denali National Park, Alaska"
213,"Denpasar, Indonesia"
214,"Deo Nui San Pass, Vietnam"
215,"Deobali Jalah (26.247,92.604), Nagaon, India"
216,"Derby-West Kimberley, Australia - Western Australia"
217,"Diamond Head Road, Crowdy Bay National Park, New South Wales, AU"
218,"Diofior, Senegal"
219,"Disappointment Island, New Zealand"
220,"Dog Creek, Cariboo, British Columbia, Canada"
221,"Douala, Cameroon"
222,"Doughboy Bay, Stuart Island, New Zealand"
223,"Douglass, Texas"
224,"Dover Air Force Base, Kent, Delaware, United States"
225,"Dubach, Louisiana"
226,"Duiwenhoks River mouth, South Africa"
227,"Dulecha, Ethiopa"
228,"Durack River, Wyndham East Kimberley, Australia (southeast of Drysdale River National Park and west of Parry Lagoons Nature Reserve"
229,"East of Bandana State Forest, west of Presho Forest Reserve, Australia"
230,"East of El Hammam, Morrocco"
231,"Eau Claire, Wisconsin, USA"
232,"Edge Hill Provincial Park, Thompson-Nicola, Canada"
233,"Edison BBS Rte--start, El Paso County, Colorado, United states"
234,"Edmonton, Alberta, Canada"
235,"Ein Al-Auja, Israel"
236,"Ejido San José Teña, Mexico (north of Mexico City, southwest of Actopan)"
237,"El Baul, Venezuela"
238,"El Jadida, Morocco"
239,"El Junquito, Venezuela (west of Caracas)"
240,"El Mexquite, Mexico (just east of Jesus Gómez Portugal)"
241,"El Nido, Philippines"
242,"El Palmar, Bolivar, Venezuela"
243,"El Questro, Wyndham-East Kimberly, Australia"
244,"Ellicott, El Paso County, Colorado, United States"
245,"Embrapa Clima Temperado, Rio Grand do Sul, Brazil"
246,"Enderby Island, New Zealand"
247,"Ensenada, Mexico"
248,"Eocheong Island, South Korea"
249,"Ernest Island, New Zealand"
250,"Esmeraldas, Ecuador"
251,"Esperanza, Mexico"
252,"Estagfirullah, Turkey"
253,"Estancia Virocay (AICA CR15), Santo Tome, Argentina"
254,"Esteli, Nicaragua"
255,"Ester, Alaska"
256,"Esteros de Farrapose e Islas del Río Uruguay, Uruguay (Uruguay River, south of Concepción del Uruguay)"
257,"Estrada Caleta Cordova, Escalante, Argentina"
258,"Estrada Geral do Braco (-27.1096,-48.7802), Camboriu, Brazil"
259,"Estrada Lumiar-Aldeia Velha (-22.395,-42.302), Rio de Janeiro, Brazil"
260,"Estrada Parque Nacional doCaparao (-20.41,-41.837), Minas Gerais, Brazil"
261,"Estrada do Helinho, Rio de Janeiro Brazil"
262,"Etah, Greenland"
263,"Etosha National Park, Namibia"
264,"Eunice, Louisiana"
265,"Everglades City, Florida"
266,"Fakhrabad, Iran"
267,"Fangshan Township, Taiwan"
268,"Far North-- Lake Waiporohita, Far North District, New Zealand"
269,"Fawcett Lake, Alberta, Canada"
270,"Fazenda rio Vermelho, Rio de Janeiro, Brazil"
271,"Fiordland National Park Lodge, Southland District, New Zealand"
272,"Fiordland National Park, Anchor Island, New Zealand"
273,"Fiordland National Park, Mirror Lakes, New Zealand"
274,"Fiordland National Park, New Zealand"
275,"Fiordland National Park--Milford Sound, Southland District, New Zealand"
276,"Fishhook, Alaska"
277,"Flamingo Lake, Oman"
278,"Flea Bay, Christchurch City, New Zealand"
279,"Flood Reserve Road, Lismore, New South Wales, AU"
280,"Florencia, Colombia"
281,"Florentino Ameghino, Argentina (North of Comodoro Rivadavia and south of Península Valdés, Argentina)"
282,"Florianópolis, Brazil"
283,"Fly River at Drimdenasuk, Papua New Guinea"
284,"Forever Wild Shared Earth Reserve, Tablelands, Australia"
285,"Fort Lauderdale, Florida"
286,"Fort McMurray, Alberta, Canada (north of Kinosis, east of Cheecham)"
287,"Fort Nelson, British Columbia, Canada"
288,"Fort Nelson, Canada"
289,"Fort Simpson, Northwest Territories, Canada"
290,"Fort Smith, Canada"
291,"Fortaleza, Brazil"
292,"Fortrose Estuary, New Zealand"
293,"Foz do Iguacu, Brazil"
294,"Frederick Sound, Wrangell-Petersburg, Alaska (west of Kake)"
295,"Freeport, Florida"
296,"Frövisjön - Plattformen, Sweden"
297,"Futaleufú, Argentina (Reserva Nacional Futaleufú)"
298,"Gamadji Saré, Senegal"
299,"Gang Ranch, Cariboo, Canada"
300,"General Conesa, Argentina"
301,"Georgetown Botanical Gardens, Georgetown, Guyana"
302,"Georgetown, Australia (West of Mount Surprise, south of Abingdon Downs)"
303,"Georgetown, Guyana"
304,"Gereja solavide Warimark, Waigeo, Papua Barat, Indonesia"
305,"Gerhardsville, South Africa"
306,"Gilman, Sandoval, New Mexico"
307,"Gizo, Ghizo Island, Solomon Islands"
308,"Glasgow, Montana"
309,"Glendhu Bay, Otago, New Zealand (Queenstown-Lakes District)"
310,"Gold Coast, Australia"
311,"Gondar, Ethiopia"
312,"Goulds Lagoon Wildlife Sanctuary, Glenorchy, Tasmania, Australia"
313,"Goushicao, Xiaolongmen, Beijing,China"
314,"Grand Prairie, Alberta, Canada"
315,"Great Nicobar Biosphere reserve, Nicobar, Andaman and Nicobar Islands"
316,"Greater Bendigo, Australia (Costerfield State Forest"
317,"Greenpoint Domain and Boardwalk, Invercargill City, New Zealand"
318,"Griffith, Australia"
319,"Grosse Spitzkoppe Nature Reserve, Namibia"
320,"Grotto Bay, South Africa"
321,"Grímsey, Iceland"
322,"Guatemala City, Guatemala"
323,"Guayana City, Venezuela"
324,"Guaymas, Mexico"
325,"Gubei creekbed near xinchengzi, China"
326,"Gunung Sahengbalira, Sulawesi Utara, Sangihe Island, Indonesia"
327,"Gunung Tunak Deer Park, Nusa Tengggara Barat, Indonesia"
328,"Gurugram, India"
329,"Hacienda Baru, Cost Rica"
330,"Hacienda Baru, Costa Rica"
331,"Hamilton, Ontario, Canada"
332,"Hamnøy, Norway"
333,"Hawker, Australia (south of Ikara Flinders Ranges National Park)"
334,"Healy Lake, Southeast Fairbanks, Alaska"
335,"Heaphy Track, Kahurangi National Park, Tasman district, New Zealand"
336,"Helena Bay, Whangarei District, NZ-NTL"
337,"Henrietta, Texas"
338,"Hepburn, Australia (Rise and Shine Bushland Reserve)"
339,"Hermosa, New Mexico"
340,"Hermosillo, Mexico"
341,"Hertfordshire, Great Britain - England"
342,"Heyfield Racecourse Wetlands, Wellington, Victoria, Australia"
343,"Hluhluwe, South Africa"
344,"Holme, Cambridgeshire, England"
345,"Holy Shelter Game Land, Pender, North Carolina"
346,"Hornborgasjön--Hångers udde, Sweden"
347,"Hornborgasjön--Naturum, Sweden"
348,"Hotel Fazenda Monte Verde Golf & Resort, Vargem Alta -ES, Brazil"
349,"Howae Island, Manus Islands, Papua New Guinea"
350,"Huon Valley, Tasmania, Australia (near Ida Bay)"
351,"Hurd Point Proper, Macquarie Island, Australia"
352,"Hwange National Park, Zimbabwe"
353,"Hwy 3, Mackenzie River crossing, Northwest Territories, Canada"
354,"Hôi An, Vietnam"
355,"Ihla do Bananal, Brazil"
356,"Illawarra Creek, Top Springs, Australia"
357,"Illimo, Peru"
358,"Ilparpa Claypans Crown Land Reserve, Alice Springs, Northern Territory, Australia"
359,"Inala, Kingborough, Tasmania, Australia"
360,"Invercargill Estuary Shellbanks, Invercargill City, New Zealand"
361,"Invercargill, New Zealand"
362,"Iquitos, Peru"
363,"Irene Country Club, South Africa"
364,"Iron Range National Park, Cook, Australia"
365,"Isla Hornos, Cabo de Hornos, Chile"
366,"Isla Pescadores, Lima District, Peru"
367,"Isla Santa Maria, Coronel, Chile"
368,"Islas del Ibicuy, Argentina (north of Buenos Aires)"
369,"Istituto Nacional Mata Atlantica, Stana Teresa, Brazil"
370,"Jaco, Costa Rica"
371,"Jama, Ecuador"
372,"Jardim, Brazil"
373,"Jebel Hafit, United Arab Emirates (near Al Ain)"
374,"Jequie, Brazil"
375,"Jimma, Ethiopia"
376,"Jl. Trans Halmahera Hwy, (1.013575, 127.951813), Maluku Utara, Indonesia"
377,"Joinville, Brazil"
378,"Jokiniemen Kissahoitola,Tyrnava, Finland"
379,"Junzi Peak, China (near Sanming)"
380,"Just south of Dalian Xijiao National Forest Park, China"
381,"Kabanskiy Zakaznik, Russia"
382,"Kaeo, New Zealand"
383,"Kafkas University Wetland, Turkey"
384,"Kahurangi National Park, New Zealand"
385,"Kai Kecil, Maluku, Indonesia"
386,"Kakadu National Park--South Aligator boatramp, West Arnhem, Northern Territory, AU"
387,"Kamloops, Canada"
388,"Kamorta, Nicobar, Indonesia"
389,"Kampung Sapit, Malaysia"
390,"Kamtabai Homestay, Waigeo, Papua Barat, Indonesia"
391,"Kanibarazan wetland, Iran"
392,"Kanuti Lake, Yukon-Koyukuk, Alaska"
393,"Kapiti Island, Kapiti Coast District, NZ-WGN"
394,"Kapiti Island, Kapiti Coast District, New Zealand"
395,"Karaenta Forest, Sulawesi Selatan, Indonesia"
396,"Karakelong Island, Indonesia"
397,"Karatu, Tanzania"
398,"Kari Raja Islands, Papua Barat, Indonesia"
399,"Karibib, Namibia"
400,"Karungi, Sweden"
401,"Kawakawa Bay, Manukau City, Auckland, New Zealand"
402,"Kef El Doukhan ou Oued M'Zab, Algeria (near Ghardaia)"
403,"Kempeleenlahti Bay, Finland"
404,"Kenai Fjords National Park, Alaska"
405,"Kengting Holiday Hotel, Hengchun, Taiwan"
406,"Kenitra, Morocco"
407,"Kennedy Creek, Tablelands Highway, Barkly, Northern Territory, Australia"
408,"Keno City, Yukon"
409,"Kenora, Ontario, Canada"
410,"Kensington, New Zealand"
411,"Kenton-On-Sea, Eastern Cape, South Africa"
412,"Kepler Track - Iris Burn, Southland District, NZ"
413,"Key Largo, Florida"
414,"Keystone, Colorado"
415,"Kfar Ruppin fishponds, Israel"
416,"Khon Kaen, Thailand"
417,"Kidepo Valley National Park, Uganda"
418,"Killington, Vermont, USA"
419,"Kimbe Bay, Malumalu Island, Papua New Guinea"
420,"Kimbe Bay--Malumalu Island, Papua New Guina"
421,"Kingaroy, Australia"
422,"Kinmen, Taiwan"
423,"Knysna, South Africa"
424,"Ko Nang Yuan, Nang Yuan Island, Thailand"
425,"Koa Dunes, South Africa (southeast Aggeneys)"
426,"Kodiak Island, Alaska"
427,"Koforidua, Ghana"
428,"Koh Pad, Similan Islands, Thailand"
429,"Kolka, Latvia"
430,"Komatsu, Japan (near Ishikawa)"
431,"Komodo National Park, Nusa Tenggara Timur, Indonesia"
432,"Kourilehto, Finland"
433,"Kranshoek, South Africa (east of Knysa)"
434,"Kuaile Dao, China  (Southeast of Tangshan)"
435,"Kula-Haleakala Natl Park, Maui, Hawaii"
436,"Kulu River, Papua New Guinea"
437,"Kulu River, West New Britain Province, Papua New Guinea"
438,"Kundy Island, South District, New Zealand"
439,"Kundy Island, Southland District, New Zealand"
440,"Kuto Bay, Isle of Pines, New Caledonia"
441,"Kuto, Isle of the Pines, New Caledonia"
442,"Kynsna, South Africa"
443,"L'Agulhas, South Africa"
444,"La Ceiba, Honduras"
445,"La Crosse, Wisconsin, USA"
446,"La Foa, New Caledonia"
447,"La Mision to Ensenada, Mexico (northwest of Ensenada)"
448,"La Paz, Bolivia"
449,"La Victoria, Paraguay"
450,"Lady Alice Island, New Zealand"
451,"Lago Argentino, Argentina (East of Isla Wellington)"
452,"Lago Puelo, Argentina"
453,"Laguna Almoloya, Mexico (southeast of Toluca, west of Parque Nacional Cumbres del Ajusco)"
454,"Laguna La Colorada, Mexico (near San Juanito de Escobedo)"
455,"Lagune de Ghlissia, Tunisia (near Chott el Djerid)"
456,"Lake Abhe, Southeastern Shore, Djibouti"
457,"Lake Argyle, Australia"
458,"Lake Barambah, South Burnett, Australia (right by Wondai State Forest)"
459,"Lake Baringo, Kenya"
460,"Lake Bindegolly, Bulloo, Australia"
461,"Lake Cartcarrong, Moyne, Victoria, Australia"
462,"Lake Elphinstone, Isaac, Australia"
463,"Lake Hayes, New Zealand"
464,"Lake Hebema, Pondok Tiga, Papua, Indonesia"
465,"Lake Louise, Alaska"
466,"Lake Michelle, Noordhoek, Capetown, South Africa"
467,"Lake Murray Ecolodge, Western Province, Papua New Guinea"
468,"Lake Murray Lodge, Western Province, Papua New Guinea"
469,"Lake Thomson Hut, Southland District, New Zealand"
470,"Lalibela, Ethiopia"
471,"Lancaster, Pennsylvania"
472,"Landsbergaslatten, Uppsala Ian, Sweden"
473,"Languiñeo, Argentina (Piedra Parada, Northeast of Parque Nacional Corcovado)"
474,"Lantau South Country Park, Mui Wo, Hong Kong"
475,"Laoag Bypass Road - Padsan River, Laoag City, Phillipines"
476,"Laoag City, Phillipines"
477,"Laotieshan, China (near Dalian)"
478,"Lappi, Lumijoki, Finland"
479,"Las Calles, San Alberto, Argentina"
480,"Las Tablas, Panama"
481,"Lautamaa, Finland"
482,"Leamington, Michigan"
483,"Liberia, Costa Rica"
484,"Lighthouse, South Andaman, Andaman and Nicobar Islands"
485,"Limestone Gorge Gregory National Park, Australia"
486,"Limon, Costa Rica"
487,"Lincolnshire, England"
488,"Little Barrier Island, Auckland City, New Zealand"
489,"Little Shuswap Lake Home, Columbia-Shuswap, British Columbia, Canada (northeast of Kamloops)"
490,"Little Waihi estuary, Western Bay of Plenty District, NZ-BOP"
491,"Llanos de Pozo de Agua, Costa Rica (near Palo Verde National Park)"
492,"Lloydminster, Saskatchewan, Canada (By Bousquet Lake, southwest of Goodsoil)"
493,"Lodden, Australia (Mount Korong Nature Conservation Reserve)"
494,"Lola Island--Zipolo Habu Resort, Soloman Islands"
495,"London, Great Britain - England"
496,"Long Sound (east of Only Island), New Zealand"
497,"Lore Lindu National Park--Anaso Track, Sulawesi Tengah, Indonesia"
498,"Los Tulipanes, Mexico (east Sierra de Lobos)"
499,"Lubango, Angola"
500,"Lune Plain, Huon Valley, Tasmania, Australia"
501,"Lupi Hyllykallio, Seinajoki, Finland"
502,"Lyndhurst, Australia"
503,"Ma'ale Adumim, Israel"
504,"Ma'ale Efraim (32.081, 35.38), Israel"
505,"Ma'ale Efraim, Israel"
506,"MacDonnell, Australia (west of Santa Teresa)"
507,"Machala, Ecuador"
508,"Mackay, Australia - Queensland"
509,"Maclaren Bay, Adams Island, New Zealand"
510,"Macon, Georgia"
511,"Macquarie Island, Australia"
512,"Madibira (-8.216,34.835), Mbeya Region, Tanzania"
513,"Mahaicony River, Mahaicony, Guyana"
514,"Maiquillahue, Los Rios, Chile"
515,"Makbon Road, Papua Barat, Indonesia"
516,"Malagufuk, Papua Barat, Indonesia (northeast of Sorong)"
517,"Malasi Lake, Cabagan, Phillipines"
518,"Malta, Montana"
519,"Maluku Utara, Indonesia (Southwest of Halmahera)"
520,"Mana Island, Porirua City, NZ"
521,"Managua, Nicaragua"
522,"Manas National Park-- Bhuyanpara (Eastern Range), Baksa, India"
523,"Manaus, Brazil"
524,"Manchester, New Hampshire, USA"
525,"Mandeville, New Zealand"
526,"Mangatutu Forest, New Zealand"
527,"Mangere Wastewaster Treatment Plant, Manukau City, New Zealand"
528,"Manjimup, Australia"
529,"Manokwari, Indonesia"
530,"Manta, Ecuador"
531,"Mar de Cobo, Argentina"
532,"Mara Triangle, Kenya"
533,"Marahau, Tasmam District, New Zealand"
534,"Maratua Island, Indonesia"
535,"Mareeba Wetlands, Tablelands, Australia"
536,"Marrakai, Australia (south of Djukbinj National Park)"
537,"Martin, North Carolina (on Roanoke River, east of Raleigh,NC)"
538,"Mason Bay, Steward Island, New Zealand"
539,"Mata do Caetes, Espirito Santo, Brazil"
540,"Matapouri Bay, New Zealand (east of Matapo)"
541,"Mataraua Forest, Northland, New Zealand (north of Donnelly's Crossing)"
542,"Matina, Costa Rica (near Parque Nacional Barbilla)"
543,"Maui, Hawaii"
544,"Maulana Azad Rd, Nagaon, India"
545,"Mbe, Republic of the Congo"
546,"Mboro, Senegal (north of Thies)"
547,"McLeods Dam, Victoria-Daly, Australia (East of Timber Creek)"
548,"Mclaren Falls Park, Western Bay of Plenty District, New Zealand"
549,"Medellín, Colombia"
550,"Medicine Lake, Sheridan, Montana ( Northeastern Montana, near Fort Peck Indian Reservation)"
551,"Menggitimbe, Nusa Tenggara Timur, Indonesia"
552,"Merluna Station, Cook, Queensland, Australia"
553,"Merrimas Villa Resort, Simpang Mengayau, Malaysia"
554,"Mersey Valley, Manchester, Great Britain - England"
555,"Mesa Las Prenada, Aguascalientes, Mexico"
556,"Metung, East Gippsland, Victoria, AU"
557,"Miami, Florida"
558,"Miami-Yoder School, Rush, Colorado"
559,"Middleton Island, Alaska"
560,"Middleton-in Teesdale, Durham, England"
561,"Midland, Michigan, USA"
562,"Mifflin, Pennsylvania"
563,"Mikhmannim, Israel (east of Karmiel)"
564,"Milford Track - Glade Wharf to Clinton Hut, Southland 9679, New Zealand"
565,"Millicent, Australia"
566,"Milne Bay Province (-10.266751, 150.50144), Papua New Guinea"
567,"Milne Bay Province (-10.266751,150.50144), Papua New Guinea"
568,"Miniyeri, Australia"
569,"Mitú, Colombia"
570,"Mkhuze, South Africa"
571,"Moapa, Nevada, United States"
572,"Mobarakiyeh, Iran"
573,"Mokala National Park, South Africa"
574,"Molibagu Road, Bogani Nani Wartabone National Park, Sulawesi Utara, Indonesia"
575,"Monarch, Colorado"
576,"Monkey River Town, Belize"
577,"Mont Koghi, New Caledonia"
578,"Montague Island Nature Conservation Reserve, Eurobodalla, Australia"
579,"Montaña de Congolón, Honduras"
580,"Montecolina Bore, Australia (just east of Lake Blanche)"
581,"Monterrey, Mexico"
582,"Monumento Natural Laguna de los Cisnes, Porvenir, Chile (east of Punta Arenas)"
583,"Mornington Wildlife Sanctuary, Derby-West Kimberley, Australia (King Leopold Ranges Conservation Park)"
584,"Morro Reuter -- Estrada Jose Klauck, Rio Grande do Sul, Brazil"
585,"Morro Reutra--area geral, Rio Grande do Sul, Brazil"
586,"Mosgiel, New Zealand"
587,"Mosgiel, New Zeland"
588,"Mosul Lake--dam outlet, Iraq"
589,"Motoqua, Utah, United States"
590,"Mount Amasa, Israel (near Har Amasa)"
591,"Mount Augustus National Park, Upper Gascoyne, Australia"
592,"Mount Burns, Fiordland National Park, New Zealand"
593,"Mount Isa, Australia"
594,"Mount Malindang Range Natural Park, Philippines"
595,"Mount Peter Hawk Watch, Orange, New York"
596,"Mount Rairaka, Bougainville Island, Papua New Guinea"
597,"Mount Tagubud, New Bataan, Philippines"
598,"Mount Webb National Park, Cook, Australia"
599,"Mountain Zebra National Park, South Africa"
600,"Mt. Iraya, Basco, Batanes, Phillipines"
601,"Mt. Iraya, Basco, Phillipines"
602,"Mt. Kilkerran river camp, Fergusson Island, Papua New Guinea"
603,"Mt. Tod Mine, Roper Gulf, Australia (west of Nitmiluk National Park)"
604,"Mt. Tsetserra, Mozambique"
605,"Mu Ko Surin National Park, Thailand"
606,"Mulukuku, Honduras"
607,"Mundy Terrace, Robe, South Australia, Australia"
608,"Mungalalu Truscott Air Base, Wyndham-East Kimberley, Australia (near Mary Island/ Kalumburu)"
609,"Muravyevka, Russia"
610,"Murray, Australia (Murray Valley Regional Park)"
611,"Murray-Sunset National Park, Lake Walla Walla, Mildura, Australia"
612,"Mutare, Zimbabwe"
613,"Mutianyu Great Wall, China"
614,"Mwatate, Kenya"
615,"Mérida, Mexico"
616,"Naepaepa Mountain, San Cristobal, Solomon Islands"
617,"Nagana, South Africa"
618,"Nakhon Sawan, Thailand"
619,"Namar, Maluku, Indonesia (east of Pulau Uhiwa)"
620,"Nan, Thailand"
621,"Nanegal, Ecuador"
622,"Nanpu Town General, Binhaizhen, China"
623,"Naples, Florida"
624,"Naracoorte, Australia"
625,"Nature's Valley, South Africa (South of Garden Route National Park)"
626,"Neale Junction Nature Reserve, australia"
627,"Necochea, Argentina"
628,"Nenana, Yukon-Koyukuk, Alaska"
629,"New Delhi, India"
630,"New Mapoon sweage ponds, Norther Peninsula Area, Queensland, Australia"
631,"Newcastle Waters, Australia"
632,"Nggela Pile Island, Solomon Islands"
633,"Nigila, Milne Bay, Papua New Guinea"
634,"Nigila, Papua New Guinea (east of Alotau)"
635,"Nimbokrang, Indonesia (west of Jayapura)"
636,"Nimbokrang--forest near village, Papua, Indonesia"
637,"Nimbokrang--forest viewpoint, Papua, Indonesia (-2.601,140.062)"
638,"Ninh Bin, Vietnam"
639,"Nitmiluk, Australia"
640,"Nokkala, Finland"
641,"Non Moncona Virgin Lodge, San Pedro, Argentina"
642,"Noormarkku, Finland"
643,"Normanton-Floraville Rd, Bynoe River crossing, Carpentaria, Queensland, Australia"
644,"North Cook Lake Natural Area, Edmonton, Alberta Canada"
645,"North Maluku, Jalan Sofifi - Dodinga (0.8091, 127.6838), Indonesia"
646,"North Uthungulu (-27.9358,32.2394), South Africa"
647,"North Yorkshire, England"
648,"North of Lake Argyle, South of Kununurra and southeast of Parry Lagoons Nature Reserve, Wyndham-East Kimberley, Australia"
649,"North of Ngukurr, australia"
650,"Northeast Top End, Australia (Anniversary Creek near Litchfield National Park)"
651,"Northeast island, New Zealand"
652,"Northern Rockies, British Columbia, Canada"
653,"Northwest of Wattle Hill, South of Latrobe Bushland Reserve, Australia"
654,"Nudibranch Homestay, Papua Barat, Indonesia"
655,"Nueva Guinea, Nicaragua"
656,"Nyeri, Kenya"
657,"Nyermilang Park (-37.87567,147.92822), East Gippsland, Victoria, AU"
658,"Oaxaca, Mexico"
659,"Obo Station, Papua New Guinea"
660,"Obo, Papua New Guinea (north of Erambo, south of Aiambak)"
661,"Ogushigo, Japan"
662,"Ohoililur Beach, Maluku, Indonesia"
663,"Ohope Scenic Reserve, Whakatane District, New Zealand"
664,"Okahukura, New Zealand"
665,"Okaukuejo, Namibia"
666,"Olivas, California"
667,"Omaha Bay Vineyard, Rodney District, Aukland, NZ"
668,"Opalton, Australia"
669,"Opotiki--Hikuwai Beach, Opotiki District, New Zealand"
670,"Orokonui Ecosanctuary, Dunedin City, New Zealand"
671,"Osceola, Florida (just east of Deer Park)"
672,"Otara, New Zealand"
673,"Otero, Colorado (north of Comanche National Grassland)"
674,"Otira Valley, New Zealand"
675,"Overberg DC, South Africa"
676,"Palmar-Rio Grande, Bolivar, Venezuela"
677,"Palmuag, Namibia"
678,"Panama City, Florida"
679,"Panama City, Panama"
680,"Pango Point, Port Vila, Vanuatu"
681,"Papakura--upper Pahurehure Inlet, Papakura District, NZ-AUK"
682,"Papua Barat, Indonesia"
683,"Papua New Guinea LNG (-9.3559,147.0306), Papua New Guinea"
684,"Papua Paradise Eco Resort, Papua, Barat, Indonesia"
685,"Parauapebas, Brazil"
686,"Parque Ecologico El Haya, Veraruz, Mexico"
687,"Parque Estadual Intervales, Sao Paulo, Brazil"
688,"Parque Estadual de Serra do Mar-Nucleo Cunha, Sao Paulo, Brazil"
689,"Parque Etnobotánico Omora, Cabo de Hornos, Chile"
690,"Parque Nacional El Tamá, Venezuela (South of San Cristobal)"
691,"Parque Nacional El Tepozteco, Mexico"
692,"Parque Nacional Huatulco, Oaxaca, Mexico"
693,"Parque Nacional Macarao, Venezuela (West of Caracas)"
694,"Parque Nacional Nahuelbuta, Chile"
695,"Parque Nacional Sierra Nevada, Venezuela ("
696,"Parque Nacional Sierra Nevada, Venezuela (just north of Pico Bolívar)"
697,"Parque Nacional Sierra de San Pedro Mártir, Baja California, Mexico"
698,"Parque Nacional Sierra de San Pedro Mártir, Mexico"
699,"Parque Nacional Sierra de la Culata, Venezuela (northeast of Venezuela)"
700,"Parque Nacional da Serrra do Gandarela (-20.1701,-43.7858), Minas Gerais, Brazil"
701,"Parque Nacional de Boa Nova, Brazil"
702,"Parque Nacional de Sao Joquim, Brazil"
703,"Parque Nacional do Itatiaia--area geral, Rio de Janeiro, Brazil"
704,"Parque Provincial Mocona, San Pedro, Argentina"
705,"Parque Provincial Salt Encantado, Misiones, Argentina"
706,"Parque tematico (-31.611,-52.517), Rio Grade do Sul, Brazil"
707,"Parry Lagoons Nature Reserve, Wyndham-East Kimberley, Australia"
708,"Parry Lagoons Nature Reserve--Marglu Billabong, Wyndham-East Kimberley, Western Australia, Australia"
709,"Parua Bay, Whangarei District, NZ-NTL"
710,"Pasado Cruce del Valle Simpson, Coyhaique, Chile"
711,"Pasco, Florida (west of Dade City)"
712,"Patsola, Finland"
713,"Payogasta, Cachi, Argentina"
714,"Peaceful Bay, Australia"
715,"Pedra de Tres Pontoes, Afonso Claudio, Brazil"
716,"Pedra de Tres Pontoes, Brazil"
717,"Pengilly Scrub, Light, Australia (north of Adelaide)"
718,"Penguin Island, Rockingham, Australia"
719,"Peter Haven, Garove Island, Papua New Guinea"
720,"Peñas Blancas, Costa Rica"
721,"Picket Wire Canyon, Otero, Colorado (Comanche National Grassland)"
722,"Pinas, Ecuador"
723,"Pine Creek, Australia (east of Nitmiluk National Park)"
724,"Pingtung Haifeng Wetland, Taiwan"
725,"Pingtung--Yingda Eco Farm, Taiwan"
726,"Pino Real, Mexico"
727,"Placencia, Belize"
728,"Playa El Doradillo, Biedma, Argentina (on Golfo Nuevo)"
729,"Playa Zipolite, Oxaca, Mexico"
730,"Pleasant Valley, Alaska"
731,"Plettenberg Bay, South Africa"
732,"Point Peron, Rockingham, Australia"
733,"Point Wilson, Greater Geelong, Victoria, Australia"
734,"Pomona Island, Lake Manapouri, New Zealand"
735,"Pomplona Lodge, near Pariroa/Castle Mount, New Zealand"
736,"Pond Inlet (town), Baffin, Nunavut, Canada"
737,"Poor Knights Islands, Whangarei District, New Zealand"
738,"Popayán, Colombia"
739,"Poring Hot Springs, Malaysia (east of Mount Kinabalu)"
740,"Porongurup National Park, Australia"
741,"Port Adventure Hut and Peninsula, Stewart Island, New Zealand"
742,"Port Campbell National Park, Australia"
743,"Port Campbell National Park, Corangamite, Victoria, Australia"
744,"Port Campbell National Park, Princetown, Corangamite, Victoria, Australia"
745,"Port Douglas, Cairns, Queensland, Australia"
746,"Port St. Johns, South Africa"
747,"Port Vila, Vanuatu "
748,"Porto Alegre, Brazil"
749,"Porto Velho, Brazil"
750,"Porvenir, Chile"
751,"Porvoo--Heinajarvi, Finland"
752,"Pouto--Lake Rototuna, Kaipara District, New Zealand"
753,"Pretoria, South Africa"
754,"Primavera, Chile (near Puerto Percy)"
755,"Prince Albert, Saskatchewan, Canada"
756,"Pringle Bay, South Africa"
757,"Puarlolo, Nusa Tenggara Timur, Indonesia"
758,"Puarlolo, Nusa Tengggara Timur, Indonesia"
759,"Pucatrihue, San Juan de la Costa, Chile"
760,"Pueblo Nuevo de La Sierra, Venezuela"
761,"Puerto Angel, Oaxaca, Mexico"
762,Puerto Chacabuco
763,"Puerto Chomes, Costa Rica"
764,"Puerto Jiménez, Costa Rica"
765,"Puerto Lopez, Ecuador"
766,"Puerto Madryn, Biedma, Argentina"
767,"Puerto Maldonado, Peru"
768,"Puerto Natales, Chile"
769,"Puerua Bridge, Clutha District, New Zealand"
770,"Pulau Mantanani Besar, Malaysia"
771,"Pulau Rambut, Jakarta Raya, Indonesia"
772,"Pulau Wayag, Wajag Island, Papua Barat, Indonesia"
773,"Pulisan Resrot, Pulisan, North Sulawesi, Indonesia"
774,"Punta Cometa, Oaxaca, Mexico"
775,"Punta Róbalo, Panama"
776,"Punto Arenas, Chile"
777,"Putnam, New York"
778,"Qing Dao, Zhongshan Park, China"
779,"Quarry Lake, Miami-Dade, Florida"
780,"Quest Brazil, Schroeder, Brazil"
781,"Quito, Ecuador"
782,"Raahe, Finland"
783,"Rabat, Morocco"
784,"Rada Tilly, Escalante, Argentina (just south of Comodoro Rivadavia)"
785,"Raikiura National Park, New Zealand"
786,"Rainbow Reach - Iris Burn, Southland District, NZ"
787,"Rakiura National Park, Ulva Island, New Zealand"
788,"Rancho Zapata, San Pablo Villa de Mitla, Mexico"
789,"Rang Road 233, Edmonton, Alberta, Canada"
790,"Red Mercury Island, Thames-Cormandel District, New Zealand"
791,"Refugio Nacional de Vida Silvestre Cipanci, Costa Rica"
792,"Region de Aysén del General Carlos Ibáñez del Campo, Chile"
793,"Reifafeif River, Japen Island, Papua, Indonesia"
794,"Rennell Island, Solomon Islands"
795,"Reserva El Destino, Magdalena, Argentina"
796,"Reserva Forestal del Caura--Las Trincheras, Venezuela"
797,"Reserva Mata do Passarinho, Bandeira, Brazil"
798,"Reserva Nacional de Tumbes, Peru"
799,"Reserva de la Biosfera El Triunfo, Mexico"
800,"Reserva de la Biosfera El Truinfo, Mexico"
801,"Reserva de la Biosfera Selva El Ocote, Mexico"
802,"Resolute, Baffin, Nunavut, Canada"
803,"Richmond, Clarence, Tasmania, Australia"
804,"Riekintie, Finland (north of Maikku, southwest of Natsional'nyy Park Paanayarvi)"
805,"Rield Recreation Park, Edmonton, Alberta, Canada"
806,"Rietvlei Nature Reserve, South Africa"
807,"Rio Branco, Brazil"
808,"Rio Claro, Brazil"
809,"Rio Hato, Panama"
810,"Rio Quenuir, Maullin, Chile"
811,"Rio das Ostras, Brazil"
812,"Rio de Janeiro, Brazil"
813,"Risha, Jordan (near border of Jordan and Syria)"
814,"Ritan Park, Beijing, China"
815,"Riviere Qui Barre, Edmonton, Alberta, Canada"
816,"Robe, Australia"
817,"Robson Rd, Clutha District, New Zealand"
818,"Rock Gully, Australia (east of Lake Muir National Park)"
819,"Rodeo, Arizona"
820,"Rokebby Recreation Reserve, Baw Baw, Victoria, AU"
821,"Roma, Australia"
822,"Rooiberg Nature Reserve, South Africa"
823,"Rooikatkloof Nature Preserve, South Africa"
824,"Roper Gulf, Australia (Limmen Bight National Park)"
825,"Roper Gulf, Australia (south of nitmiluk National Park)"
826,"Roraima (2.859, - 60.631), Boa Vista, Brazil"
827,"Rosa Amarilla Loop-Circuito, Mexico (south of Lago de Chapala, north of Concepción de Buenos Aires)"
828,"Rostrevor Lagoon, Glamorgan/Spring Bay, Tasmania, Australia"
829,"Ruaha River Lodge, Tanzania"
830,"Rumsey Natural Area, Drumheller, Alberta, Canada"
831,"Rurrenabaque, Bolivia"
832,"Russul Islands, Solomon Islands"
833,"Rust De Winter Nature Reserve Limpopo, South Africa"
834,"Ruta Provincial 270, Sarmiento, Argentina"
835,"Ruteng, Flores, Nusa Tenggara Timur, Indonesia"
836,"Río Blanco, Nicaragua"
837,"Rödkallen, Sweden (southeast of Germandön)"
838,"Røstlandet, Norway"
839,"Sablatura Nature Park, Nueces, Texas"
840,"Saibai Island, Australia"
841,"Saibai Island, Torres Strait Island, Queensland, Australia"
842,"Sainte-Rose-du-Nord, Le Fjord-du-Saguenay, Quebec, Canada"
843,"Sainty's Creek Cottage, Kingborough, Tasmania, Australia"
844,"Salalah, Oman"
845,"Salina Cruz, Mexico"
846,"Salmon Arm, Canada"
847,"Salmon Arm, Coumbia-Shuswap, British Columbia, Canada"
848,"Salo, Halikonlahti area, Finland"
849,"Salta rafting (-25.293,-65.272), La Vina, Argentina"
850,"Salvador, Brazil"
851,"San Alfredo, Paraguay"
852,"San Cristobal, Cuba"
853,"San Cristobal, Soloman Islands"
854,"San Diego, California"
855,"San Francisco, Guatemala"
856,"San Jose del Alamito, San Jose de vindeo, Coahuila, Mexico"
857,"San Juan National Forest, Colorado"
858,"San Juan del Oro district, Peru"
859,"San Juan, Honduras"
860,"San Luis Potosi (21.221,-98.815), Mexico"
861,"San Luis Potosí, Mexico"
862,"San Miguel, Parque Nacional Iberá, Argentina"
863,"San Pablo Toliman (20.796,-99.918), Queretaro, Mexico"
864,"San Pedro de la Sierra, Magdalena, Columbia"
865,"San Salvador, El Salvador"
866,"Sandakan, Malaysia"
867,"Sandborn, Knox, Indiana, United States"
868,"Sandusky, Ohio"
869,"Santa Cruz de la Sierra, Bolivia"
870,"Santa Marta, Colombia"
871,"Santa Teresa, Brazil"
872,"Santo Domingo, Ecuador"
873,"Santo Tomé, Argentina (east of Parque Nacional Iberá; near border of Argentina and Brazil)"
874,"Santuario Nossa Senhora de Guadalupe, Rio Grande do Sul, Brazil"
875,"Santubong National Park, Malaysia"
876,"Sanya, Hainan, China"
877,"Sao Francisco de Paula--Pousada Recanto da Mata, Rio Grande do Sul, Brazil"
878,"Saribeyler, Turkey"
879,"Sarilar, Turkey"
880,"Saskatoon, Canada"
881,"Sealers Bay, Chalky Island, Southland District, New Zealand"
882,"Seaview Mountain Retreat (Turkey Beach) Gladstone, Queensland, Australia"
883,"Selenga hills, Russia (northwest of Ulan Ude)"
884,"Sembiki Rd, Jikotomo, Maluku Utara, Obi Island, Indonesia"
885,"Sendero la Campana, Hildago,Mexico"
886,"Sentani Grassland, Papua, Indonesia"
887,"Serendip Sanctuary, Greater Geelong, Victoria, Australia"
888,"Serra, Brazil"
889,"Serrekunda, The Gambia"
890,"Seventeen Seventy, Gladstone, Queensland, AU"
891,"Shaanxi Chichuashan National Geopark, China"
892,"Shageluk, Yukon, Alaska"
893,"Shasta, California (southwest of Redding)"
894,"Shearwater Apartment, Simon's Town, South Africa"
895,"Shivta, Israel"
896,"Sidangoli, Maluku Utara, Indonesia"
897,"Siene Bight, Belize"
898,"Sierra Vista, Arizona"
899,"Siuna, Nicaragua"
900,"Slope Point, Southland, New Zealand"
901,"Smithton, Tasmania, Australia"
902,"Snells Beach Flats, Rodney District, NZ-AUK"
903,"Sobral, Brazil"
904,"Socorro, New Mexico"
905,"Sorong Airport, Papua Barat, Indonesia"
906,"Sorong, Papua Barat, Indonesia"
907,"Sotano de Las Golondrinas, Mexico"
908,"South Passage Island - south-east, Southland District, New Zealand"
909,"South of Qaa, northeast of Ras Baalbek, Lebanon"
910,"South of Qingyuan, China"
911,"Southeast Fairbanks, Alaska"
912,"Southeast Fairbanks, Alaska (near Tanana Valley State Forest)"
913,"Southeast of Lake Ghoubet, southwest of We'a, Djibouti"
914,"Southeast of Pariroa/ Castle Mount, New Zealand"
915,"Southeast of Stockholm, Sweden"
916,"Southeast of Timber Creek, Australia"
917,"Southend, Australia"
918,"Southport, Tasmania"
919,"Southwest National Park, South Cape Bay, Tasmania, Australia"
920,"Southwest National Park, Tasmania, Australia"
921,"Southwest of Oombulgurri, Southeast of Drysdale River National Park, Australia"
922,"Spey River (just above the Mica Burn Junction), New Zealand"
923,"Springerbaai Coastal Eco Estate, South Africa"
924,"Spruce Point to Long Island, Kodiak Island, Alaska"
925,"Squamish-Lillooet, Canada (north of Stein Valley Nlaka'pamux Heritage park)"
926,"St. George, Nevada, United States"
927,"St. Paul, Alberta, Canada"
928,"St. Petersburg, Florida"
929,"Stanley, Circular Head, Tasmania, Australia"
930,"Steward Island, New Zealand"
931,"Stewart Island Pelagic Flat Rock, Southland District, New Zealand"
932,"Stewart Island, Southland District, New Zealand"
933,"Stirling Range National Park, Australia"
934,"Strathbogie, Australia (Heathcote-Graytown National Park"
935,"Sulawesi Utara, Sangihe Island, Indonesia (near Mount Awu)"
936,"Sumidouro, Rio de Janeiro, Brazil"
937,"Sundom, Sweden"
938,"Sunshine Coast, Australia"
939,"Swellendam, South Africa"
940,"São José de Rio Claro, Brazil"
941,"São Luís, Brazil"
942,"São Paulo, Brazil"
943,"Tabbubbil-Kiunga Rd, Western Province, Papua New Guinea"
944,"Tabubil-Kiunga Rd, Western Province, Papua New Guinea"
945,"Tal Or, Israel"
946,"Tallahassee, Florida"
947,"Tallahassee, Florida, USA"
948,"Tamale, Ghana"
949,"Tambing Lake, Lore Lindu National Park, Sulawesi Tengah, Indonesia"
950,"Tampa, Florida"
951,"Tampa, Florida, USA"
952,"Tang Zhui Zhen, China"
953,"Tangjiahe, China"
954,"Tangkoko Batuangus National Park, Sulawesi Utara, Indonesia"
955,"Tangkoko Batuangus National Park, Sulawesi Utara, Soloman Islands, Indonesia"
956,"Tangkoko Batuangus, Sulawesi Utara, Indonesia"
957,"Tangkoko Batuangus, Sulawesi Utara, Indonesia (north of Bitung)"
958,"Tanjong Putus Papua Barat, Indonesia"
959,"Tapachula, Mexico"
960,"Taranga Island, Dragon Mouth Cove, Whangarei District, New Zealand"
961,"Tarangire National Park--Tarangire Simba Lodge, Tanzania"
962,"Tawali Resort, Milne Bay, Papua New Guinea"
963,"Tawharanui Regional Park, Rodney District, New Zealand"
964,"Te Anau Wildlife Centre, Southland District, New Zealand"
965,"Te Anau, Southland District, New Zealand"
966,"Te Araroa Trail, Pureora Forest Park, Ruapehu District, NZ"
967,"Tegucigalpa, Honduras"
968,"Telaga, Indonesia, (southwest of Kruing, west of Sebangau National Park"
969,"Tempasuk Plain, Malaysia (north of Kota Belud)"
970,"Temple of Heaven, Beijing, China"
971,"Tennant Creek, Australia"
972,"Tequisquiapan, Queretaro, Mexico"
973,"Terra Luna Lodge, Chile Chico, Chile"
974,"Tetepare Nature Preserve, Tetepare, Solomon Islands"
975,"Tetepare Nature Reserve, Soloman Islands"
976,"Thanamandi, Tehsil, Jammu and Kashmir"
977,"The Inter-University Institute for Marine Sciences, Israel"
978,"The Tip of Borneo, Sabah, Malaysia"
979,"The Tree House, 168 West Coast Road, Motukaraka Hokianga, Kohukohu, New Zealand"
980,"Thompson-Nicola, British Columbia, Canada"
981,"Thompson-Nicola, Canada (east of Stein Valley Nlaka'pamux Heritage park)"
982,"Timbiré, Ecuador"
983,"Tiritiri Island, Rodney District, New Zealand"
984,"Tiritiri Matangi, Rodney District, New Zealand"
985,"Tiritiri Matangi, Wattle Track, Rodney District, New Zealand"
986,"Tisserdmine, Morrocco"
987,"Tlacolula de Matamoros, Mexico"
988,"Tlalim, Israel"
989,"Toad River, Canada"
990,"Tobago, Trinidad and Tobago"
991,"Tobago, Trinidad and Tobago "
992,"Toco, Trinidad and Tobago"
993,"Tolsona Wilderness, Valdez-Cordova, Alaska"
994,"Tongariro River at Turangi (Te Aho Rd), Taupo District, NZ"
995,"Toowoomba, Australia"
996,"Torrent Bay, Tasman District, New Zealand"
997,"Torsvåg, Norway"
998,"Tortel, Chile"
999,"Toubab Dialao, Senegal"
1000,"Transit 4 Aurora (6.7527, -59.7283), Cuyuni,Mazaruni, Guyana"
1001,"Tres Arroyos, Argentina"
1002,"Trio, Belize"
1003,"Tuba, Mount Santo Tomas, Philippines"
1004,"Tucson, Arizona"
1005,"Tuleta, Texas"
1006,"Tullos, Louisiana"
1007,"Tumaco, Colombia"
1008,"Tumbes, Peru"
1009,"Tumbling Waters, Litchfield, Australia"
1010,"Turmi (general area), Ethiopia"
1011,"Tuusniemi, Koivulahti, Finland"
1012,"Twelve Apostles Marine National Park, Australia"
1013,"Tygerberg Nature Reserve, Bellville, South Africa"
1014,"Tyrnävä, Finland"
1015,"Uis, Namibia"
1016,"Ulong Island, Palau"
1017,"Umhlanga Lagoon, South Africa"
1018,"Unalaska Island, Alaska"
1019,"Ushuaia, Argentina"
1020,"Utö, Finland (Southwest of Skärgårdshavets National Park)"
1021,"Vaayang Rolling Hills, Basco, Phillipines"
1022,"Valdez-Cordova, Alaska (Kenny Lake, near Wrangell-St. Elias National Park and Reserve)"
1023,"Valemount, British Columbia, Canada (George Hicks Regional Park)"
1024,"Valentine, Texas"
1025,"Valladolid, Mexico"
1026,"Valley, Montana (just north of Glasgow, MT)"
1027,"Van Dyks Bay, South Africa"
1028,"Vanapa River Lowlands, Kanobaba'a 1, Papua New Guinea"
1029,"Varirata National Park, Papua New Guinea"
1030,"Varirata National Park, Port Moresby, Papua New Guinea"
1031,"Vayang Rolling Hils, Basco, Batanes, Phillipines"
1032,"Verloren Valei Nature Reserve, South Africa"
1033,"Victoria-Daly, Australia (east of Timber Creek)"
1034,"Villahermosa, Mexico"
1035,"Villalonga, Argentina"
1036,"Villanueva, Mexico"
1037,"Villla Rimba, Kedisan, Gianyar, Bali, Indonesia"
1038,"Vista Hermosa, Coyhaique, chile"
1039,"Vitoria, Brazil"
1040,"Vitória da Conquista, Brazil"
1041,"Vitótia da Conquista, Brazil"
1042,"Volta Velha Reserve, Itapoa, Brazil"
1043,"Wadi Aydam, Oman"
1044,"Wadi Tarabat, Al Ain, United Arab Emirates"
1045,"Waigeo (-0.3031,130.9206), Papua Barat, Indonesia"
1046,"Waigeo- General Island, Papua Barat, Indonesia"
1047,"Waini River base camp (8.1807,-59.4776), Guyana"
1048,"Waipapa Forest edge, Otorohanga District, New Zealand"
1049,"Waipoua Forest, New Zealand (southeast of Waimamaku)"
1050,"Waituna Lagoon, Southland District, New Zealand"
1051,"Walter Peak, Queenstown-Lakes District, New Zealand (on Lake Wakatipu)"
1052,"Wampusirpi, Honduras"
1053,"Wangluo Lake, China (east of Nanchang)"
1054,"Warmuri Trail, Kukama, Guyana"
1055,"Wassadougou, Senegal"
1056,"Watarrka National Park, MacDonnell, Australia"
1057,"Watford city, North Dakota"
1058,"Weda Forest, Maluku Utara, Indonesia"
1059,"Weda, Malukua Utara, Indonesia"
1060,"Weipa, Queensland, Australia"
1061,"Welford National Park, Barcoo, Australia"
1062,"Wemaregha, San Cristobal, Solomon Islands"
1063,"Wenzhou, China"
1064,"West Arnham, Australia "
1065,"West Arnham, Australia (Kakadu National Park)"
1066,"West Midlands, Great Britain - England"
1067,"West Palm Beach, Florida"
1068,"West Point, King William, Virginia, United States"
1069,"West Waigeo Nature Reserve, Papua Barat, Indonesia"
1070,"West of Foinikaria, Cyprus"
1071,"West of Kandipa, Papua New Guinea"
1072,"Whaler Bay, Sandy Point, Invercargill City, New Zealand"
1073,"Whirinaki Forest Park, Whakatane District, New Zealand"
1074,"Wilcannia, Australia"
1075,"Wild Horse, Cheyenne County, Colorado, United States"
1076,"Wilsons Promontory National Park, South Gippsland, Australia"
1077,"Windhoek, Namibia"
1078,"Wingeel Rd, Wingeel (-38.046,143.857) Golden Plains, Victoria, Australia"
1079,"Wirilda Environment Park, Latrobe, Victoria, AU"
1080,"Wisma Toraut, Bogani Nani Wartabone National Park, Sulawesi Utara, Indonesia"
1081,"Wood Buffalo NP--Rocher at Coupe River, Forst McMurray, Alberta, Canada"
1082,"Wooroolin Wetlands, South Burnett, Australia"
1083,"Wreck Reef, Southland District, New Zealand (off of Stewart Island)"
1084,"Wyndham Wharf, Wyndham-East Kimberley, Australia"
1085,"Wynward Shoreline, Waratah/Wynyard, Tasmania, Australia"
1086,"Wynward, Tasmania, Australia"
1087,"Xinggu Residential District, Beijing, China"
1088,"Yabello--Elephant Rock, Oromia, Ethiopia"
1089,"Yahel, Israel"
1090,"Yanta District, China"
1091,"Yaviza, Panama"
1092,"Yejele Beach, Mare, New Caledonia"
1093,"Yeruham Lake, Israel"
1094,"Yukon, Canada (North of Kluane National Park and Reserve)"
1095,"Yécora, Mexico"
1096,"Zackenberg, Greenland"
1097,"Zapotillo, Mexico"
1098,"Zaragoza, Spain"
1099,"Zhangjiaying, China"
1100,"Zhonghsan Park, Tiananmen, Beijing, China"
1101,"Ziguinchor, Senegal"
1102,"Zona Reservada Illescas, Piura, Peru"
1103,"between Abha and Khamis Mushait, Saudi Arabia"
1104,"east of Nanchang, China"
1105,"east of Williams, California"
1106,"just east of Fairbanks, Alaska"
1107,"just north of Puerto Santa Cruz, Argentina"
1108,"just south of Cuauhtémoc de Tierra Blanca, Mexico"
1109,"just south of Wharepapa South, New Zealand"
1110,"near Baghare, Solomon Islands (San Cristobal)"
1111,"near Mäntyluoto, Finland"
1112,"north of Dimona, Israel"
1113,"north of El Frijol Colorado, Mexico"
1114,"north of Fairbanks, Alaska"
1115,"north of Kudat, Malaysia"
1116,"north of Puerto San Julián, Argentina"
1117,"north of Törmänen, south of Koppelo, Finland"
1118,"north of Åsen, Norway"
1119,"south of Hofn, Iceland"
1120,"south of Southport Lagoon, Tasmania, Australia"
1121,"south of Toekoms, South Africa"
1122,southeast of Tjoritja/West MacDonnell National Park Australia
1123,"southwest Islas de Todos Santos, Mexico"
1124,"southwest of Otinra, New Zealand"
1125,"west of Islas de Todos Santos, Mexico"
1126,"west of Rooiberg Nature Reserve, South Africa"
1127,"west of Susitna North, Alaska"
1128,"Ólafsfjarðarvatn, Iceland"
1129,"Östersund, Sweden"
1130,
